order_id,date,time,order_type,branch_code,order_items,order_price,customer_lat,customer_lon,customerHasloyalty?,distance_to_customer_KM,delivery_fee
ORDJ07607,2018-08-31,15:56:37,Lunch,TP,"[('Steak', 8), ('Salad', 8)]",497.6,-37.8044157,144.9592957,0,9.288,12.4484264
ORDZ09345,2018-09-27,16:57:27,Dinner,NS,"[('Salmon', 5), ('Pasta', 8), ('Shrimp', 9), ('Fish&Chips', 6)]",1121.0,-37.8055668,144.9449396,0,8.94,14.797391
ORDX03369,2018-08-08,15:16:03,Lunch,BK,"[('Chicken', 6), ('Steak', 9)]",597.0,-37.8051738,144.9367965,0,9.872,15.6150861
ORDY06144,2018-09-18,16:37:10,Dinner,TP,"[('Shrimp', 3), ('Fish&Chips', 8), ('Pasta', 8)]",662.0,-37.8246196,144.9458094,0,8.956,12.9332446
ORDK04630,2018-04-06,11:02:32,Breakfast,BK,"[('Coffee', 3), ('Cereal', 6)]",148.5,-37.8247704,144.9884396,0,6.456,11.0122919
ORDY07546,2018-05-10,12:13:31,Lunch,TP,"[('Fries', 8), ('Steak', 5)]",321.0,-37.8010594,144.9637848,0,9.634,12.7769157
ORDX06828,2018-09-07,14:15:12,Lunch,BK,"[('Salad', 9), ('Steak', 10), ('Fries', 5), ('Burger', 1)]",695.8,-37.8254771,144.9824543,0,7.028,13.090692
ORDX00497,2018-06-10,13:14:21,Lunch,BK,"[('Salad', 4), ('Fries', 4), ('Burger', 7)]",333.8,-37.8207735,144.985111,0,6.39,14.9397879
ORDJ02959,2018-07-25,14:45:38,Lunch,TP,"[('Burger', 9), ('Fries', 6), ('Chicken', 6), ('Salad', 3)]",594.6,-37.8116827,144.9563755,0,8.658,11.3911146
ORDC00089,2018-03-25,10:42:15,Breakfast,NS,"[('Eggs', 5), ('Coffee', 4), ('Cereal', 8)]",308.0,-37.8124839,144.9688835,0,7.545,15.1638509
ORDK02558,2018-04-11,11:12:40,Breakfast,BK,"[('Eggs', 7), ('Cereal', 2)]",196.0,-37.7951569,144.9366705,0,10.441,15.9868286
ORDB01884,2018-05-07,12:03:22,Lunch,TP,"[('Burger', 5), ('Chicken', 9)]",443.0,-37.8134098,144.9621127,0,8.187,11.033539
ORDA01578,2018-09-07,16:16:54,Dinner,BK,"[('Salmon', 7), ('Fish&Chips', 2), ('Shrimp', 1), ('Pasta', 9)]",658.5,-37.8209053,144.9766632,0,7.269,14.5839525
ORDA08158,2018-03-08,10:11:49,Breakfast,BK,"[('Cereal', 9), ('Coffee', 1)]",196.5,-37.8081839,144.9731736,0,6.527,11.7138652
ORDA01997,2018-06-06,13:04:13,Lunch,BK,"[('Burger', 7), ('Chicken', 1)]",249.0,-37.7996462,144.9872757,0,6.285,11.7632732
ORDB07895,2018-11-15,18:28:43,Dinner,TP,"[('Fish&Chips', 7), ('Shrimp', 3), ('Salmon', 8)]",735.0,-37.8090105,144.9430268,0,9.941,13.9782156
ORDZ05941,2018-12-03,19:09:17,Dinner,NS,"[('Salmon', 8), ('Pasta', 10), ('Fish&Chips', 8)]",883.0,-37.8010923,144.9987518,0,8.935,15.1913751
ORDI05035,2018-06-05,13:04:13,Lunch,NS,"[('Steak', 4), ('Burger', 3), ('Chicken', 6)]",465.0,-37.8088151,144.9258578,0,10.325,15.8707515
ORDK07696,2018-06-04,13:04:13,Lunch,BK,"[('Fries', 9), ('Steak', 7), ('Salad', 8)]",560.6,-37.8049954,144.9476554,0,8.817,14.5315364
ORDX02605,2018-09-01,15:56:37,Lunch,BK,"[('Chicken', 7), ('Burger', 5), ('Salad', 4)]",447.8,-37.8172078,144.9533303,0,8.665,17.0552359
ORDB03732,2018-07-31,14:55:46,Lunch,TP,"[('Fries', 1), ('Chicken', 2)]",76.0,-37.8228944,144.9556604,0,8.086,11.3765557
ORDB02044,2018-05-06,12:03:22,Lunch,TP,"[('Chicken', 10), ('Steak', 5), ('Salad', 10), ('Fries', 9)]",825.0,-37.8085158,144.947123,0,9.792,14.7079249
ORDA01616,2018-01-17,08:30:25,Breakfast,BK,"[('Coffee', 6), ('Cereal', 5), ('Pancake', 2), ('Eggs', 6)]",330.5,-37.8066241,144.9579654,1,7.925,6.289437
ORDZ10158,2018-07-18,14:35:29,Lunch,NS,"[('Steak', 7), ('Chicken', 3), ('Salad', 8)]",548.6,-37.8115712,144.9684629,0,7.437,12.77217
ORDX02300,2018-04-30,11:53:14,Breakfast,BK,"[('Pancake', 10), ('Cereal', 5), ('Coffee', 4), ('Eggs', 8)]",553.5,-37.8148738,144.9449284,0,9.169,13.6828703
ORDY09697,2018-04-07,14:05:04,Lunch,TP,"[('Burger', 7), ('Chicken', 6), ('Steak', 9), ('Salad', 2)]",848.4,-37.8218293,144.9522232,0,8.449,12.1517356
ORDZ03956,2018-10-05,17:07:36,Dinner,NS,"[('Pasta', 6), ('Salmon', 7)]",452.0,-37.8082148,144.9687138,0,6.96,13.4326584
ORDK06137,2018-03-27,10:42:15,Breakfast,BK,"[('Eggs', 6), ('Coffee', 7), ('Pancake', 10)]",427.0,-37.8171722,144.9860587,0,6.037,11.3504626
ORDJ05123,2018-03-28,10:52:23,Breakfast,TP,"[('Coffee', 5), ('Pancake', 9)]",255.8,-37.812942,144.9635153,0,8.189,10.1870181
ORDJ04824,2018-07-05,14:05:04,Lunch,TP,"[('Salad', 10), ('Fries', 8)]",268.0,-37.8234064,144.9378473,0,9.738,13.248597
ORDX00275,2018-05-19,12:33:48,Lunch,BK,"[('Burger', 7), ('Steak', 4), ('Fries', 8), ('Chicken', 4), ('Salad', 2)]",655.4,-37.8034449,144.9628053,0,7.749,16.3620401
ORDJ00309,2018-02-14,09:21:07,Breakfast,TP,"[('Eggs', 9), ('Cereal', 10), ('Coffee', 5), ('Pancake', 3)]",518.2,-37.823736,144.9761444,0,8.205,10.9522664
ORDA03374,2018-03-21,10:32:06,Breakfast,BK,"[('Cereal', 8), ('Eggs', 6), ('Coffee', 6), ('Pancake', 10)]",587.5,-37.8130823,144.959658,0,7.917,12.3461631
ORDY00224,2018-09-18,16:37:10,Dinner,TP,"[('Shrimp', 6), ('Pasta', 1), ('Salmon', 5)]",556.5,-37.8066927,144.9579231,0,9.222,13.5966897
ORDX06479,2018-10-19,17:38:01,Dinner,BK,"[('Pasta', 9), ('Shrimp', 9), ('Salmon', 10), ('Fish&Chips', 3)]",1248.5,-37.812985,144.9906029,0,5.239,11.8362254
ORDA05443,2018-03-11,10:11:49,Breakfast,BK,"[('Pancake', 1), ('Eggs', 5)]",134.2,-37.8045134,144.9631748,0,7.584,15.0966822
ORDA03137,2018-04-03,11:02:32,Breakfast,BK,"[('Coffee', 10), ('Cereal', 10), ('Eggs', 8), ('Pancake', 2)]",509.5,-37.8125047,144.9884447,0,5.394,9.8624486
ORDK02729,2018-01-29,08:50:42,Breakfast,BK,"[('Eggs', 4), ('Coffee', 8), ('Cereal', 4)]",232.0,-37.8245745,144.9357416,0,10.647,15.8656309
ORDX04569,2018-07-16,14:25:21,Lunch,BK,"[('Chicken', 1), ('Steak', 5), ('Fries', 2), ('Burger', 4), ('Salad', 9)]",559.8,-37.8055647,144.9944437,0,5.115,10.5774079
ORDY01282,2018-08-13,15:26:11,Lunch,TP,"[('Fries', 3), ('Salad', 4), ('Chicken', 3), ('Steak', 1)]",245.8,-37.8205124,144.9660448,0,7.412,10.9746174
ORDK04465,2018-04-23,11:43:05,Breakfast,BK,"[('Coffee', 7), ('Eggs', 6), ('Pancake', 9)]",402.8,-37.817425,144.952635,0,8.753,13.4507823
ORDZ07378,2018-02-13,09:21:07,Breakfast,NS,"[('Coffee', 8), ('Pancake', 2), ('Eggs', 9), ('Cereal', 9)]",495.5,-37.8035334,144.9729297,0,7.008,11.8057527
ORDY07194,2018-03-09,10:11:49,Breakfast,TP,"[('Pancake', 9), ('Eggs', 2)]",262.2,-37.8188263,144.9843814,0,9.16,11.5065333
ORDX07970,2018-06-26,13:44:47,Lunch,BK,"[('Salad', 4), ('Steak', 10), ('Chicken', 6), ('Burger', 8), ('Fries', 3)]",994.8,-37.8110185,145.000558,0,4.123,10.1662776
ORDY01885,2018-09-26,16:57:27,Dinner,TP,"[('Salmon', 5), ('Pasta', 10), ('Fish&Chips', 2)]",550.0,-37.8230351,144.9787009,0,8.326,12.6205681
ORDJ02104,2018-11-21,18:38:52,Dinner,TP,"[('Pasta', 8), ('Salmon', 10)]",630.0,-37.8081803,144.9766356,0,9.289,13.4301353
ORDK08514,2018-10-06,17:07:36,Dinner,BK,"[('Pasta', 3), ('Fish&Chips', 8), ('Salmon', 10), ('Shrimp', 6)]",1096.5,-37.8260179,144.9827282,0,7.21,16.4647911
ORDA10273,2018-12-09,19:19:26,Dinner,BK,"[('Salmon', 10), ('Pasta', 10), ('Fish&Chips', 6), ('Shrimp', 10)]",1435.0,-37.8210122,144.966161,0,8.006,17.5957011
ORDA05267,2018-11-19,18:38:52,Dinner,BK,"[('Salmon', 6), ('Shrimp', 3), ('Fish&Chips', 4), ('Pasta', 9)]",795.5,-37.8099114,144.994597,0,4.616,11.2391892
ORDB10603,2018-11-29,18:59:09,Dinner,TP,"[('Salmon', 9), ('Fish&Chips', 7), ('Shrimp', 6), ('Pasta', 10)]",1213.0,-37.8048342,144.9669201,0,9.39,13.5246713
ORDX00260,2018-11-24,18:49:00,Dinner,BK,"[('Fish&Chips', 9), ('Salmon', 5), ('Shrimp', 4)]",736.0,-37.8048861,144.9586631,0,7.922,17.2977852
ORDI10914,2018-02-27,09:51:32,Breakfast,NS,"[('Coffee', 2), ('Pancake', 5), ('Eggs', 8)]",312.2,-37.8105838,144.977713,0,7.818,12.8724225
ORDI02400,2018-03-28,10:52:23,Breakfast,NS,"[('Coffee', 10), ('Cereal', 7), ('Eggs', 7), ('Pancake', 7)]",545.8,-37.7990428,144.9540125,0,7.62,12.8295846
ORDY07347,2018-09-16,16:27:02,Dinner,TP,"[('Shrimp', 6), ('Pasta', 4)]",434.0,-37.8212395,144.9574733,0,7.972,13.7555595
ORDA08192,2018-01-12,08:20:16,Breakfast,BK,"[('Cereal', 1), ('Eggs', 9), ('Coffee', 8), ('Pancake', 10)]",521.5,-37.8208847,144.9474135,1,9.333,7.3353649
ORDA09876,2018-05-22,12:33:48,Lunch,BK,"[('Steak', 9), ('Chicken', 3), ('Salad', 1), ('Burger', 9), ('Fries', 8)]",893.2,-37.820017,144.9786474,0,6.951,13.5068885
ORDY10244,2018-08-30,15:56:37,Lunch,TP,"[('Steak', 3), ('Fries', 10)]",255.0,-37.8085642,144.9611915,0,8.791,12.031653
ORDA08891,2018-08-06,15:05:54,Lunch,BK,"[('Steak', 9), ('Salad', 4), ('Fries', 2), ('Burger', 5)]",652.8,-37.8083323,145.0005123,0,4.333,9.9920579
ORDB06506,2018-11-01,18:08:27,Dinner,TP,"[('Salmon', 10), ('Pasta', 9), ('Fish&Chips', 7), ('Shrimp', 10)]",1442.5,-37.8156561,144.9543544,0,8.58,12.9191324
ORDX01037,2018-11-18,18:38:52,Dinner,BK,"[('Fish&Chips', 5), ('Salmon', 7), ('Pasta', 6)]",627.0,-37.8101225,144.996586,0,4.437,13.548832
ORDC00608,2018-08-31,15:56:37,Lunch,NS,"[('Chicken', 7), ('Fries', 1)]",236.0,-37.8089694,144.9617782,0,7.64,13.5593716
ORDX06059,2018-02-17,09:31:16,Breakfast,BK,"[('Pancake', 8), ('Coffee', 3), ('Cereal', 9)]",405.5,-37.8219186,144.9375504,0,10.47,17.6550905
ORDC02852,2018-10-20,17:38:01,Dinner,NS,"[('Pasta', 8), ('Shrimp', 7)]",598.0,-37.8078693,144.9919205,0,8.522,16.3336345
ORDZ01913,2018-06-17,13:34:38,Lunch,NS,"[('Chicken', 3), ('Steak', 5), ('Burger', 7), ('Salad', 5), ('Fries', 2)]",648.0,-37.8084394,144.9547952,0,8.175,15.7880743
ORDK05300,2018-01-13,08:20:16,Breakfast,BK,"[('Coffee', 10), ('Cereal', 4), ('Eggs', 7), ('Pancake', 4)]",410.0,-37.8067394,144.9580707,1,7.926,7.4649747
ORDI05334,2018-08-11,15:16:03,Lunch,NS,"[('Fries', 5), ('Burger', 10), ('Chicken', 3), ('Salad', 4), ('Steak', 4)]",714.8,-37.8188545,144.9526537,0,9.392,16.9273673
ORDI03984,2018-04-18,11:32:57,Breakfast,NS,"[('Pancake', 8), ('Coffee', 6), ('Cereal', 1)]",260.0,-37.8186613,144.9678091,0,8.448,13.1965788
ORDA10728,2018-05-02,11:53:14,Breakfast,BK,"[('Eggs', 9), ('Pancake', 2), ('Coffee', 2)]",261.5,-37.8086478,144.9529789,0,8.592,14.0210937
ORDZ00315,2018-11-19,18:38:52,Dinner,NS,"[('Shrimp', 7), ('Pasta', 8), ('Fish&Chips', 1), ('Salmon', 8)]",961.0,-37.8239621,144.9901629,0,9.633,15.7893711
ORDB01608,2018-11-22,18:49:00,Dinner,TP,"[('Shrimp', 2), ('Fish&Chips', 5), ('Pasta', 4), ('Salmon', 9)]",762.0,-37.8252149,144.9562598,0,8.993,14.001643
ORDZ08335,2018-01-09,08:10:08,Breakfast,NS,"[('Coffee', 9), ('Cereal', 6), ('Pancake', 7), ('Eggs', 8)]",539.2,-37.8101896,144.9695886,1,7.196,5.941521
ORDY08971,2018-12-31,20:00:00,Dinner,TP,"[('Shrimp', 1), ('Salmon', 4), ('Pasta', 3), ('Fish&Chips', 2)]",370.5,-37.8058626,144.9593204,0,9.023,13.7701538
ORDK09476,2018-07-17,14:35:29,Lunch,BK,"[('Burger', 9), ('Fries', 2), ('Chicken', 4)]",431.0,-37.8116481,144.9270181,0,11.063,17.6603727
ORDB02581,2018-12-07,19:19:26,Dinner,TP,"[('Fish&Chips', 8), ('Shrimp', 10), ('Pasta', 3)]",902.5,-37.8178354,144.9573848,0,8.298,12.3750861
ORDK07731,2018-12-23,19:49:51,Dinner,BK,"[('Fish&Chips', 10), ('Salmon', 10), ('Pasta', 3)]",842.5,-37.8089368,144.9551087,0,8.295,17.9909608
ORDZ06388,2018-11-26,18:49:00,Dinner,NS,"[('Shrimp', 2), ('Salmon', 2), ('Pasta', 3)]",272.5,-37.8238498,144.9548603,0,9.755,15.4356327
ORDB01220,2018-02-08,09:10:59,Breakfast,TP,"[('Pancake', 6), ('Coffee', 7)]",198.0,-37.8016092,144.9584589,0,9.55,12.610349
ORDA09301,2018-10-18,17:38:01,Dinner,BK,"[('Shrimp', 8), ('Salmon', 1), ('Pasta', 2)]",528.0,-37.8186183,144.9670084,0,7.593,14.528965
ORDI08015,2018-05-10,12:13:31,Lunch,NS,"[('Burger', 7), ('Fries', 1), ('Chicken', 8), ('Salad', 1), ('Steak', 1)]",547.2,-37.8170985,144.9679526,0,8.272,13.7210031
ORDY08237,2018-08-07,15:16:03,Lunch,TP,"[('Fries', 1), ('Chicken', 5), ('Salad', 10)]",344.0,-37.8027573,144.9468318,0,10.137,13.3395353
ORDX03274,2018-09-24,16:47:19,Dinner,BK,"[('Fish&Chips', 8), ('Shrimp', 7)]",658.0,-37.805541,144.9979373,0,4.761,11.2412984
ORDB01471,2018-07-05,14:05:04,Lunch,TP,"[('Chicken', 3), ('Burger', 6)]",282.0,-37.8122487,145.0003405,0,10.977,14.3450643
ORDZ00346,2018-11-11,18:28:43,Dinner,NS,"[('Salmon', 2), ('Pasta', 10), ('Shrimp', 6), ('Fish&Chips', 8)]",961.0,-37.8171932,144.9588418,0,8.699,16.9441767
ORDK04751,2018-06-07,13:14:21,Lunch,BK,"[('Fries', 1), ('Steak', 4), ('Burger', 9), ('Chicken', 7), ('Salad', 6)]",798.2,-37.8038828,144.964318,0,7.561,12.9624749
ORDC06693,2018-01-17,08:30:25,Breakfast,NS,"[('Coffee', 9), ('Cereal', 3), ('Eggs', 9), ('Pancake', 4)]",425.5,-37.8081468,144.9342466,1,10.24,7.3626261
ORDY01477,2018-11-02,18:08:27,Dinner,TP,"[('Shrimp', 2), ('Salmon', 5)]",313.0,-37.8019358,144.9814442,0,10.282,14.511959
ORDK11012,2018-04-24,11:43:05,Breakfast,BK,"[('Pancake', 2), ('Cereal', 8), ('Eggs', 6)]",348.5,-37.8188617,144.9685261,0,7.596,12.666494
ORDA09573,2018-05-16,12:23:39,Lunch,BK,"[('Fries', 7), ('Chicken', 1)]",116.0,-37.8115103,144.9646963,0,7.421,13.3472509
ORDJ10757,2018-02-10,09:21:07,Breakfast,TP,"[('Pancake', 2), ('Coffee', 3)]",71.0,-37.8068471,144.9657943,0,9.088,13.2043496
ORDY03219,2018-04-15,11:22:49,Breakfast,TP,"[('Cereal', 5), ('Eggs', 7)]",259.0,-37.7891185,144.9380617,0,12.343,16.1780663
ORDZ05792,2018-01-02,08:00:00,Breakfast,NS,"[('Cereal', 10), ('Pancake', 2), ('Eggs', 1)]",280.5,-37.819146,144.9463523,1,9.645,7.4814067
ORDJ01967,2018-12-08,19:19:26,Dinner,TP,"[('Pasta', 7), ('Salmon', 5), ('Shrimp', 6)]",721.5,-37.8242333,144.9537568,0,8.177,14.2078742
ORDZ01219,2018-12-26,19:49:51,Dinner,NS,"[('Pasta', 9), ('Shrimp', 6)]",571.5,-37.8059887,144.9736895,0,7.279,12.9183787
ORDA00924,2018-12-17,19:39:43,Dinner,BK,"[('Shrimp', 5), ('Pasta', 6)]",435.0,-37.8067504,144.9529971,0,8.445,15.2729748
ORDJ02660,2018-06-04,13:04:13,Lunch,TP,"[('Chicken', 1), ('Salad', 2)]",66.4,-37.8207167,144.9707771,0,7.811,10.8061214
ORDJ00682,2018-09-14,16:27:02,Dinner,TP,"[('Fish&Chips', 4), ('Pasta', 10), ('Shrimp', 9)]",901.0,-37.8131896,144.9663055,0,8.495,12.9885495
ORDX07367,2018-07-16,14:25:21,Lunch,BK,"[('Salad', 8), ('Burger', 10)]",447.6,-37.8057117,144.995943,0,4.982,10.5585388
ORDY09666,2018-02-21,09:41:24,Breakfast,TP,"[('Pancake', 10), ('Coffee', 3), ('Cereal', 5)]",370.0,-37.8032806,144.9970679,0,11.403,13.0265968
ORDJ01554,2018-02-22,09:41:24,Breakfast,TP,"[('Cereal', 4), ('Coffee', 5), ('Eggs', 10), ('Pancake', 2)]",390.0,-37.8021264,144.9540597,0,9.723,12.5094057
ORDA01533,2018-06-24,13:44:47,Lunch,BK,"[('Burger', 5), ('Steak', 7), ('Salad', 6), ('Chicken', 10), ('Fries', 4)]",941.2,-37.8188581,144.9741129,0,7.195,15.710607
ORDC10738,2018-08-30,15:56:37,Lunch,NS,"[('Salad', 4), ('Steak', 10)]",518.8,-37.8097457,144.9913426,0,8.671,14.2986131
ORDK01322,2018-07-22,14:35:29,Lunch,BK,"[('Salad', 10), ('Steak', 10), ('Fries', 8), ('Burger', 5), ('Chicken', 5)]",1033.0,-37.8091806,144.9466706,0,9.164,17.829262
ORDC09301,2018-12-29,20:00:00,Dinner,NS,"[('Fish&Chips', 5), ('Pasta', 10)]",450.0,-37.8159589,144.9380844,0,9.935,17.8707736
ORDA00676,2018-11-01,17:58:18,Dinner,BK,"[('Pasta', 1), ('Salmon', 1), ('Shrimp', 4), ('Fish&Chips', 4)]",424.5,-37.811595,144.9456969,0,9.956,17.142296
ORDI03891,2018-05-10,12:13:31,Lunch,NS,"[('Salad', 9), ('Steak', 4)]",334.8,-37.8185708,144.949626,0,9.592,15.6746681
ORDI07738,2018-10-08,17:17:44,Dinner,NS,"[('Salmon', 3), ('Pasta', 7), ('Shrimp', 4), ('Fish&Chips', 7)]",776.5,-37.8117249,144.9563218,0,8.117,13.9567763
ORDB02574,2018-10-31,17:58:18,Dinner,TP,"[('Salmon', 9), ('Shrimp', 3)]",531.0,-37.8215275,144.9617357,0,7.45,11.5308451
ORDB07410,2018-05-13,12:23:39,Lunch,TP,"[('Chicken', 9), ('Fries', 2)]",312.0,-37.8100586,144.935956,0,10.545,14.9489456
ORDX04615,2018-07-14,14:25:21,Lunch,BK,"[('Steak', 4), ('Chicken', 9), ('Salad', 4), ('Burger', 9), ('Fries', 2)]",839.8,-37.8191691,145.005214,0,4.44,12.9216155
ORDI02618,2018-10-06,17:07:36,Dinner,NS,"[('Salmon', 1), ('Shrimp', 3), ('Pasta', 3)]",285.5,-37.8260278,144.9845142,0,9.578,17.2445177
ORDJ01270,2018-12-14,19:29:34,Dinner,TP,"[('Shrimp', 4), ('Pasta', 5), ('Fish&Chips', 6)]",563.5,-37.8010036,144.9628949,0,9.683,13.4198964
ORDI05246,2018-05-02,12:03:22,Lunch,NS,"[('Salad', 2), ('Chicken', 7), ('Burger', 2), ('Steak', 4)]",500.4,-37.8118954,144.9655785,0,7.649,13.1920468
ORDB03928,2018-01-04,08:00:00,Breakfast,TP,"[('Eggs', 1), ('Coffee', 2)]",37.0,-37.801799,144.9841714,1,10.509,6.4581846
ORDK02827,2018-09-02,16:06:45,Dinner,BK,"[('Salmon', 1), ('Pasta', 7)]",233.5,-37.8148219,144.9607949,0,7.948,17.6039261
ORDX00550,2018-10-06,17:07:36,Dinner,BK,"[('Salmon', 5), ('Shrimp', 8)]",637.0,-37.8231366,144.9783733,0,7.164,17.0875588
ORDX07817,2018-10-12,17:27:53,Dinner,BK,"[('Pasta', 4), ('Fish&Chips', 2), ('Salmon', 6)]",426.0,-37.81078,144.9711956,0,6.88,13.6716358
ORDA08450,2018-01-20,08:30:25,Breakfast,BK,"[('Pancake', 6), ('Coffee', 6), ('Eggs', 6), ('Cereal', 9)]",511.5,-37.8066231,144.9591397,0,7.853,14.9758665
ORDC06110,2018-07-01,08:10:08,Breakfast,NS,"[('Eggs', 6), ('Coffee', 10), ('Cereal', 10), ('Pancake', 8)]",611.0,-37.8236861,144.982575,1,9.251,8.3378877
ORDI07046,2018-08-23,15:46:28,Lunch,NS,"[('Steak', 2), ('Chicken', 5), ('Fries', 7), ('Salad', 10), ('Burger', 1)]",537.0,-37.823148,144.9880714,0,9.393,14.5404787
ORDY05463,2018-03-18,10:32:06,Breakfast,TP,"[('Cereal', 1), ('Coffee', 10), ('Eggs', 4)]",184.0,-37.81106,144.9727426,0,8.89,12.6757565
ORDJ07551,2018-06-06,13:04:13,Lunch,TP,"[('Burger', 9), ('Steak', 8), ('Chicken', 9)]",927.0,-37.8032428,144.9491271,0,9.964,13.4291305
ORDX04516,2018-01-15,08:20:16,Breakfast,BK,"[('Pancake', 2), ('Coffee', 3)]",71.0,-37.8070396,144.9985719,1,4.58,5.0473856
ORDI08339,2018-09-22,16:47:19,Dinner,NS,"[('Shrimp', 6), ('Salmon', 1)]",365.0,-37.8178879,144.9706971,0,8.237,16.1869921
ORDJ10112,2018-10-09,17:17:44,Dinner,TP,"[('Pasta', 8), ('Salmon', 8), ('Fish&Chips', 7), ('Shrimp', 5)]",1063.0,-37.8170982,144.9860716,0,9.443,13.0330592
ORDJ05076,2018-08-09,15:16:03,Lunch,TP,"[('Chicken', 9), ('Burger', 8), ('Salad', 10)]",708.0,-37.8053172,144.9409491,0,10.412,13.4389077
ORDY08401,2018-10-09,17:17:44,Dinner,TP,"[('Shrimp', 3), ('Fish&Chips', 1), ('Salmon', 2)]",279.0,-37.8076246,144.9732695,0,9.275,13.0480394
ORDC07018,2018-03-06,10:01:41,Breakfast,NS,"[('Pancake', 9), ('Coffee', 1), ('Eggs', 7)]",379.8,-37.8130208,144.9513428,0,8.591,14.037062
ORDI07554,2018-03-03,10:01:41,Breakfast,NS,"[('Coffee', 5), ('Cereal', 7)]",184.5,-37.824038,144.9905413,0,9.672,16.1389472
ORDZ06463,2018-09-07,16:16:54,Dinner,NS,"[('Pasta', 2), ('Shrimp', 1), ('Fish&Chips', 1), ('Salmon', 1)]",185.0,-37.8201128,144.9773857,0,8.629,14.936746
ORDA10589,2018-01-12,08:20:16,Breakfast,BK,"[('Coffee', 1), ('Pancake', 4), ('Eggs', 4), ('Cereal', 6)]",318.5,-37.8164157,144.986035,1,5.949,5.7139206
ORDY01539,2018-02-13,09:21:07,Breakfast,TP,"[('Coffee', 4), ('Eggs', 5), ('Cereal', 9), ('Pancake', 7)]",498.8,-37.8027122,144.9716865,0,9.984,12.8011061
ORDI02275,2018-09-16,16:37:10,Dinner,NS,"[('Salmon', 7), ('Fish&Chips', 4)]",427.0,-37.8044722,144.9256083,0,10.748,19.1531059
ORDZ10964,2018-04-07,11:12:40,Breakfast,NS,"[('Coffee', 5), ('Pancake', 9), ('Eggs', 4)]",343.8,-37.8156871,144.9619425,0,8.314,14.917905
ORDK09503,2018-07-11,14:15:12,Lunch,BK,"[('Salad', 10), ('Fries', 4)]",220.0,-37.8282286,144.9858088,0,8.329,14.227133
ORDK09044,2018-02-02,09:00:50,Breakfast,BK,"[('Eggs', 6), ('Cereal', 1), ('Pancake', 6), ('Coffee', 9)]",366.0,-37.8231807,144.9607279,0,8.428,13.5305728
ORDJ04154,2018-05-23,12:43:56,Lunch,TP,"[('Burger', 7), ('Chicken', 8), ('Salad', 5), ('Steak', 2)]",649.0,-37.8134464,144.9897247,0,9.912,12.3272387
ORDK03143,2018-05-05,12:03:22,Lunch,BK,"[('Burger', 9), ('Salad', 4)]",347.8,-37.8207164,144.9935528,0,5.583,13.5907148
ORDZ00148,2018-03-04,10:01:41,Breakfast,NS,"[('Cereal', 10), ('Pancake', 2)]",258.5,-37.8237919,144.9403832,0,10.889,18.2405956
ORDB03159,2018-07-04,14:05:04,Lunch,TP,"[('Salad', 5), ('Fries', 6), ('Chicken', 9), ('Steak', 6)]",716.0,-37.8218102,144.9518698,0,8.481,12.0537066
ORDK10311,2018-06-03,13:04:13,Lunch,BK,"[('Burger', 6), ('Chicken', 3)]",282.0,-37.8167657,144.9700912,0,7.174,15.7208606
ORDZ00940,2018-09-05,12:13:31,Lunch,NS,"[('Steak', 8), ('Chicken', 2), ('Salad', 2)]",458.4,-37.8004482,144.9639417,0,6.69,12.211371
ORDC09772,2018-03-16,10:21:58,Breakfast,NS,"[('Coffee', 7), ('Eggs', 6)]",184.5,-37.8132691,144.9884997,0,8.812,13.7781334
ORDC04833,2018-04-30,11:53:14,Breakfast,NS,"[('Pancake', 2), ('Coffee', 2), ('Eggs', 5)]",173.5,-37.7997439,144.955229,0,7.49,13.0772473
ORDB00263,2018-09-17,16:37:10,Dinner,TP,"[('Fish&Chips', 2), ('Pasta', 5), ('Shrimp', 2), ('Salmon', 10)]",725.5,-37.8194718,145.008115,0,11.311,15.011238
ORDC09452,2018-07-03,14:05:04,Lunch,NS,"[('Steak', 1), ('Fries', 8), ('Burger', 7), ('Salad', 6), ('Chicken', 10)]",781.2,-37.8076419,144.9627683,0,7.398,12.6283038
ORDI07355,2018-05-20,12:33:48,Lunch,NS,"[('Salad', 2), ('Burger', 3), ('Fries', 4), ('Chicken', 3)]",271.4,-37.8100447,144.995853,0,9.059,16.3136498
ORDY00099,2018-06-20,13:34:38,Lunch,TP,"[('Chicken', 8), ('Salad', 9), ('Steak', 3)]",545.8,-37.8002472,144.9293855,0,11.51,14.1493609
ORDC05934,2018-10-15,17:27:53,Dinner,NS,"[('Fish&Chips', 6), ('Pasta', 8), ('Salmon', 3), ('Shrimp', 1)]",607.0,-37.8099791,144.9904089,0,8.616,15.6537334
ORDZ10534,2018-03-22,10:32:06,Breakfast,NS,"[('Cereal', 10), ('Eggs', 7), ('Coffee', 6), ('Pancake', 1)]",433.2,-37.8187933,144.9626141,0,8.72,13.3629978
ORDY10459,2018-01-30,08:50:42,Breakfast,TP,"[('Eggs', 10), ('Cereal', 9)]",409.0,-37.8083317,144.9547551,0,9.073,11.8987336
ORDB10338,2018-02-09,09:10:59,Breakfast,TP,"[('Cereal', 10), ('Coffee', 4), ('Pancake', 3)]",312.8,-37.7999197,144.9726977,0,10.146,12.6612947
ORDX01990,2018-04-14,11:22:49,Breakfast,BK,"[('Coffee', 2), ('Eggs', 7), ('Pancake', 2)]",217.5,-37.8045173,144.9532949,0,8.436,15.8102568
ORDA02601,2018-03-18,10:32:06,Breakfast,BK,"[('Cereal', 6), ('Pancake', 10)]",368.5,-37.8133132,144.9737721,0,6.846,14.2128899
ORDY07727,2018-04-10,11:12:40,Breakfast,TP,"[('Pancake', 5), ('Coffee', 10)]",196.2,-37.8205606,144.9669005,0,7.527,10.5115215
ORDZ07974,2018-07-14,14:25:21,Lunch,NS,"[('Chicken', 6), ('Steak', 2), ('Salad', 5), ('Fries', 7), ('Burger', 4)]",576.0,-37.8159842,145.0003513,0,9.971,17.8048533
ORDB02050,2018-12-31,20:00:00,Dinner,TP,"[('Fish&Chips', 3), ('Shrimp', 7)]",483.0,-37.8050284,145.0055252,0,12.765,16.3744009
ORDC00693,2018-12-07,14:15:12,Lunch,NS,"[('Fries', 9), ('Steak', 9), ('Salad', 10), ('Burger', 4), ('Chicken', 10)]",1129.0,-37.8093687,144.9684071,0,7.139,12.4813355
ORDA01995,2018-12-28,20:00:00,Dinner,BK,"[('Salmon', 5), ('Shrimp', 9), ('Pasta', 3)]",773.5,-37.7991378,144.9613891,0,8.319,15.789186
ORDB08996,2018-07-10,14:15:12,Lunch,TP,"[('Salad', 3), ('Burger', 1), ('Steak', 5), ('Chicken', 8)]",563.6,-37.8000371,144.9744259,0,10.139,13.4827639
ORDB09950,2018-09-13,16:27:02,Dinner,TP,"[('Pasta', 9), ('Fish&Chips', 10), ('Shrimp', 4)]",813.5,-37.8009001,144.953532,0,9.89,13.9791096
ORDY06970,2018-05-06,12:03:22,Lunch,TP,"[('Burger', 2), ('Salad', 5), ('Steak', 3), ('Chicken', 2)]",347.0,-37.8066063,144.9378524,0,10.545,15.056452
ORDB10740,2018-01-14,08:20:16,Breakfast,TP,"[('Coffee', 3), ('Eggs', 4), ('Pancake', 1)]",134.8,-37.8030878,144.9495381,1,9.937,7.1308949
ORDA09014,2018-12-15,19:29:34,Dinner,BK,"[('Pasta', 10), ('Salmon', 3)]",398.0,-37.8245911,144.9434375,0,9.904,19.375824
ORDZ05766,2018-12-08,19:19:26,Dinner,NS,"[('Fish&Chips', 9), ('Pasta', 7), ('Shrimp', 6)]",831.5,-37.8123341,144.9468664,0,10.061,18.4048904
ORDI00147,2018-11-05,18:08:27,Dinner,NS,"[('Salmon', 10), ('Shrimp', 8), ('Pasta', 6)]",1007.0,-37.8194259,144.9819366,0,8.903,14.991208
ORDY06046,2018-08-08,15:16:03,Lunch,TP,"[('Burger', 1), ('Fries', 10), ('Chicken', 1)]",183.0,-37.7995345,144.9630705,0,9.847,12.7105781
ORDC05442,2018-02-16,09:31:16,Breakfast,NS,"[('Coffee', 6), ('Cereal', 7), ('Eggs', 1), ('Pancake', 5)]",335.2,-37.8056849,144.9280772,0,10.76,15.624734
ORDY09974,2018-03-25,10:42:15,Breakfast,TP,"[('Cereal', 10), ('Eggs', 6)]",342.0,-37.812877,144.9740492,0,8.673,12.6133796
ORDK05975,2018-01-04,08:00:00,Breakfast,BK,"[('Pancake', 9), ('Eggs', 8), ('Cereal', 2)]",436.2,-37.8185848,145.0053358,1,4.369,4.2074907
ORDY04790,2018-06-21,13:34:38,Lunch,TP,"[('Burger', 6), ('Salad', 4), ('Chicken', 4)]",382.8,-37.7998656,145.0027997,0,12.348,15.2059504
ORDI06751,2018-09-04,16:06:45,Dinner,NS,"[('Shrimp', 4), ('Pasta', 4), ('Fish&Chips', 7)]",571.0,-37.8113803,144.9597365,0,7.863,13.5382831
ORDX02316,2018-06-16,13:24:30,Lunch,BK,"[('Steak', 2), ('Salad', 6), ('Burger', 9)]",472.2,-37.8127925,145.0105819,0,3.594,12.1273892
ORDA09676,2018-06-03,13:04:13,Lunch,BK,"[('Burger', 5), ('Fries', 3), ('Steak', 6), ('Salad', 9)]",615.8,-37.7992088,144.9688243,0,7.753,16.2233799
ORDC02766,2018-04-05,11:02:32,Breakfast,NS,"[('Cereal', 4), ('Pancake', 4)]",181.0,-37.8176784,144.9512757,0,9.154,14.8834392
ORDY07233,2018-09-17,16:37:10,Dinner,TP,"[('Fish&Chips', 4), ('Salmon', 10)]",550.0,-37.8135002,144.965631,0,8.206,12.0387199
ORDY11024,2018-08-25,15:46:28,Lunch,TP,"[('Steak', 7), ('Fries', 10)]",435.0,-37.8243735,144.9472708,0,8.816,14.0660214
ORDI04609,2018-01-15,08:20:16,Breakfast,NS,"[('Eggs', 9), ('Pancake', 6), ('Cereal', 8)]",511.5,-37.7977508,145.0106106,1,10.376,7.4945348
ORDK09405,2018-07-08,14:15:12,Lunch,BK,"[('Burger', 6), ('Salad', 3), ('Fries', 9), ('Steak', 10), ('Chicken', 5)]",955.6,-37.8211049,144.955026,0,8.592,17.070439
ORDB04637,2018-07-28,14:55:46,Lunch,TP,"[('Burger', 9), ('Steak', 10), ('Fries', 6), ('Chicken', 6), ('Salad', 4)]",1061.8,-37.802079,144.9594714,0,9.489,14.0844994
ORDX08304,2018-03-01,09:51:32,Breakfast,BK,"[('Cereal', 6), ('Coffee', 1), ('Pancake', 8), ('Eggs', 8)]",503.5,-37.8158563,145.0132322,0,3.956,8.8711692
ORDY04766,2018-05-16,12:23:39,Lunch,TP,"[('Chicken', 5), ('Fries', 10)]",280.0,-37.8060724,144.9389057,0,10.592,13.7900467
ORDY00748,2018-07-23,14:45:38,Lunch,TP,"[('Fries', 8), ('Steak', 2), ('Salad', 1)]",203.2,-37.8249302,145.0119503,0,11.491,14.5628928
ORDB10791,2018-12-23,19:49:51,Dinner,TP,"[('Fish&Chips', 9), ('Pasta', 2), ('Salmon', 9)]",739.0,-37.8186293,145.0039008,0,10.971,16.1108956
ORDB00687,2018-03-11,10:11:49,Breakfast,TP,"[('Coffee', 10), ('Eggs', 6), ('Pancake', 1)]",231.2,-37.811232,144.9354874,0,10.723,14.485101
ORDA00651,2018-03-10,10:11:49,Breakfast,BK,"[('Pancake', 3), ('Cereal', 7), ('Coffee', 7), ('Eggs', 2)]",316.2,-37.8242735,144.9450166,0,9.765,17.5195798
ORDA09343,2018-07-20,14:35:29,Lunch,BK,"[('Chicken', 2), ('Burger', 5), ('Salad', 10)]",391.0,-37.8171439,144.9533633,0,8.656,14.3751073
ORDA04491,2018-10-06,17:07:36,Dinner,BK,"[('Pasta', 3), ('Salmon', 9), ('Shrimp', 1)]",505.5,-37.8260179,144.9827282,0,7.21,16.504102
ORDX09210,2018-09-09,16:16:54,Dinner,BK,"[('Fish&Chips', 6), ('Shrimp', 4)]",426.0,-37.8167421,144.991126,0,5.487,14.9350819
ORDB09510,2018-04-03,11:02:32,Breakfast,TP,"[('Cereal', 8), ('Coffee', 2), ('Pancake', 8)]",377.0,-37.8100517,144.9836969,0,9.553,12.1188946
ORDJ03842,2018-12-28,20:00:00,Dinner,TP,"[('Pasta', 10), ('Salmon', 3), ('Shrimp', 4), ('Fish&Chips', 9)]",929.0,-37.8146956,144.9591535,0,13.714,17.144846
ORDZ01721,2018-06-03,13:04:13,Lunch,NS,"[('Burger', 9), ('Steak', 1), ('Fries', 4), ('Chicken', 8)]",628.0,-37.8022631,144.9806327,0,7.108,13.9704735
ORDI00220,2018-04-29,11:53:14,Breakfast,NS,"[('Cereal', 2), ('Pancake', 3)]",114.8,-37.8165334,144.9896968,0,9.273,16.0561094
ORDC10539,2018-05-30,12:54:05,Lunch,NS,"[('Fries', 1), ('Chicken', 6)]",204.0,-37.821683,144.956248,0,9.435,14.7585109
ORDI00891,2018-07-16,14:25:21,Lunch,NS,"[('Fries', 5), ('Chicken', 8)]",316.0,-37.8226909,144.9518467,0,9.767,15.320996
ORDC07469,2018-04-25,11:43:05,Breakfast,NS,"[('Pancake', 3), ('Eggs', 10)]",292.8,-37.8189426,144.9525861,0,9.294,14.148412
ORDJ08197,2018-01-12,08:20:16,Breakfast,TP,"[('Eggs', 2), ('Pancake', 3), ('Cereal', 5)]",221.8,-37.79457,144.9358023,1,13.355,7.3423307
ORDY08664,2018-05-31,12:54:05,Lunch,TP,"[('Chicken', 3), ('Salad', 8), ('Fries', 1), ('Steak', 9)]",650.6,-37.8202914,144.9576972,0,7.931,11.4837711
ORDX01007,2018-03-18,10:32:06,Breakfast,BK,"[('Eggs', 3), ('Pancake', 2)]",114.5,-37.8113306,144.9728599,0,6.805,14.0591262
ORDK03865,2018-09-02,16:06:45,Dinner,BK,"[('Shrimp', 1), ('Pasta', 4), ('Fish&Chips', 10), ('Salmon', 1)]",555.0,-37.812352,144.9692414,0,7.145,16.8100606
ORDI04491,2018-01-15,08:20:16,Breakfast,NS,"[('Pancake', 2), ('Cereal', 6), ('Eggs', 7), ('Coffee', 1)]",336.0,-37.8179314,144.9485611,1,9.428,7.4069674
ORDI07257,2018-05-30,12:54:05,Lunch,NS,"[('Steak', 5), ('Burger', 8), ('Chicken', 1), ('Fries', 4), ('Salad', 2)]",587.4,-37.8004794,144.9581878,0,7.296,13.0802736
ORDZ04694,2018-02-04,09:00:50,Breakfast,NS,"[('Coffee', 8), ('Cereal', 6)]",186.0,-37.8059306,144.9552821,0,8.024,14.9516223
ORDX07649,2018-09-17,16:37:10,Dinner,BK,"[('Salmon', 1), ('Fish&Chips', 8)]",321.0,-37.8197216,144.9691629,0,7.731,14.8561488
ORDX08134,2018-12-10,19:19:26,Dinner,BK,"[('Salmon', 2), ('Fish&Chips', 1)]",117.0,-37.8121446,144.9379354,0,10.357,17.1170922
ORDJ03867,2018-12-10,19:19:26,Dinner,TP,"[('Fish&Chips', 3), ('Shrimp', 3), ('Pasta', 3)]",349.5,-37.8222831,144.9498288,0,8.672,12.8998923
ORDB03307,2018-12-14,19:29:34,Dinner,TP,"[('Fish&Chips', 2), ('Shrimp', 9), ('Salmon', 7), ('Pasta', 5)]",980.5,-37.7998526,144.9627861,0,9.786,13.4967887
ORDZ03515,2018-04-19,11:32:57,Breakfast,NS,"[('Pancake', 8), ('Cereal', 7), ('Coffee', 5), ('Eggs', 3)]",444.5,-37.8043054,144.9420045,0,9.113,14.8813654
ORDB06098,2018-04-24,11:43:05,Breakfast,TP,"[('Cereal', 3), ('Coffee', 3), ('Eggs', 4)]",173.5,-37.8188348,144.953282,0,8.516,11.3131018
ORDK05385,2018-03-13,10:21:58,Breakfast,BK,"[('Coffee', 4), ('Pancake', 8)]",224.0,-37.8138875,144.9553465,0,8.397,12.8932106
ORDY04879,2018-10-14,17:27:53,Dinner,TP,"[('Shrimp', 1), ('Pasta', 4), ('Salmon', 7), ('Fish&Chips', 9)]",766.0,-37.8235925,144.9680167,0,7.884,13.1609697
ORDC08999,2018-09-14,16:27:02,Dinner,NS,"[('Fish&Chips', 8), ('Pasta', 6)]",445.0,-37.812587,144.965275,0,7.733,13.8870521
ORDJ09030,2018-01-10,08:10:08,Breakfast,TP,"[('Eggs', 10), ('Cereal', 10)]",430.0,-37.8070369,144.9570793,1,9.24,5.3723636
ORDZ10285,2018-06-12,13:24:30,Lunch,NS,"[('Salad', 8), ('Chicken', 2), ('Burger', 5)]",356.6,-37.803731,144.946674,0,8.61,14.5899505
ORDK04137,2018-07-27,14:45:38,Lunch,BK,"[('Fries', 8), ('Burger', 2), ('Steak', 2)]",248.0,-37.8112693,144.9909981,0,5.037,10.0201326
ORDJ07110,2018-04-21,11:32:57,Breakfast,TP,"[('Eggs', 8), ('Cereal', 9)]",365.0,-37.8187658,144.9535246,0,8.494,13.426068
ORDY07702,2018-04-16,11:22:49,Breakfast,TP,"[('Eggs', 5), ('Cereal', 4), ('Coffee', 1)]",201.5,-37.8103834,144.9683172,0,8.778,10.7654666
ORDB00634,2018-03-31,10:52:23,Breakfast,TP,"[('Cereal', 5), ('Pancake', 4), ('Coffee', 7), ('Eggs', 4)]",342.5,-37.8070879,144.9590458,0,8.973,12.9699493
ORDX02315,2018-06-27,13:44:47,Lunch,BK,"[('Salad', 2), ('Burger', 8)]",282.4,-37.8189293,144.9735523,0,7.245,13.2779639
ORDC01540,2018-01-18,08:30:25,Breakfast,NS,"[('Cereal', 5), ('Pancake', 6), ('Eggs', 1), ('Coffee', 5)]",310.0,-37.8122168,145.0156232,1,11.096,8.1194827
ORDX06054,2018-01-15,08:20:16,Breakfast,BK,"[('Cereal', 5), ('Pancake', 6), ('Eggs', 1)]",272.5,-37.815589,144.9219752,1,11.772,8.3907872
ORDJ03984,2018-03-31,10:52:23,Breakfast,TP,"[('Cereal', 10), ('Coffee', 6), ('Pancake', 2)]",303.5,-37.818374,144.971088,0,7.936,12.1992827
ORDC08666,2018-10-30,17:58:18,Dinner,NS,"[('Salmon', 5), ('Pasta', 8), ('Shrimp', 9), ('Fish&Chips', 7)]",1156.0,-37.8061379,144.9399532,0,10.278,16.331842
ORDY07218,2018-06-21,13:34:38,Lunch,TP,"[('Steak', 4), ('Salad', 9), ('Burger', 6)]",520.8,-37.816518,144.9459031,0,9.468,12.9663374
ORDC01239,2018-02-10,09:21:07,Breakfast,NS,"[('Pancake', 9), ('Cereal', 4)]",302.2,-37.8077569,144.9659547,0,7.099,13.8247388
ORDY05720,2018-10-10,17:17:44,Dinner,TP,"[('Pasta', 6), ('Salmon', 7), ('Shrimp', 1)]",506.0,-37.8122377,144.9535131,0,9.029,13.0503774
ORDC10744,2018-03-29,10:52:23,Breakfast,NS,"[('Eggs', 8), ('Cereal', 9), ('Pancake', 10), ('Coffee', 7)]",660.0,-37.8007705,144.9574101,0,7.385,12.5068147
ORDY08130,2018-12-25,19:49:51,Dinner,TP,"[('Shrimp', 8), ('Fish&Chips', 4), ('Pasta', 10), ('Salmon', 6)]",1093.0,-37.8220125,144.9694765,0,7.829,12.569612
ORDZ06338,2018-12-26,19:49:51,Dinner,NS,"[('Shrimp', 5), ('Pasta', 5), ('Salmon', 8)]",735.5,-37.804787,144.9574515,0,7.918,13.8096625
ORDK08411,2018-04-20,11:32:57,Breakfast,BK,"[('Cereal', 8), ('Pancake', 5)]",289.2,-37.8369082,144.894564,0,18.441,23.5404117
ORDJ04230,2018-11-14,18:28:43,Dinner,TP,"[('Fish&Chips', 1), ('Shrimp', 6)]",359.0,-37.8065136,144.9440952,0,10.134,14.0259334
ORDK06630,2018-02-28,09:51:32,Breakfast,BK,"[('Coffee', 8), ('Eggs', 8), ('Cereal', 3), ('Pancake', 6)]",444.5,-37.8030248,144.9292043,0,10.582,15.1210041
ORDC06647,2018-04-12,11:22:49,Breakfast,NS,"[('Cereal', 5), ('Pancake', 5)]",226.2,-37.8101023,144.9641327,0,7.462,12.7640108
ORDI04037,2018-06-26,13:44:47,Lunch,NS,"[('Chicken', 1), ('Burger', 2), ('Steak', 7), ('Fries', 1)]",421.0,-37.825772,144.9844382,0,9.534,14.664634
ORDB04309,2018-10-31,17:58:18,Dinner,TP,"[('Salmon', 1), ('Pasta', 1), ('Shrimp', 5)]",338.5,-37.8209026,144.9623358,0,7.333,11.808455
ORDJ06419,2018-04-21,11:32:57,Breakfast,TP,"[('Pancake', 7), ('Coffee', 10)]",244.8,-37.8190718,144.952464,0,8.595,13.0444556
ORDC00329,2018-05-02,11:53:14,Breakfast,NS,"[('Eggs', 6), ('Coffee', 5), ('Cereal', 4)]",253.5,-37.8097473,144.9727841,0,7.292,11.7235305
ORDJ00883,2018-08-23,15:46:28,Lunch,TP,"[('Burger', 1), ('Salad', 10), ('Chicken', 1), ('Fries', 6), ('Steak', 8)]",667.0,-37.8134313,144.944043,0,9.76,13.4797357
ORDY05136,2018-09-29,16:57:27,Dinner,TP,"[('Shrimp', 9), ('Fish&Chips', 7)]",731.0,-37.8015285,144.9928258,0,11.208,16.5847187
ORDB07537,2018-11-23,18:49:00,Dinner,TP,"[('Pasta', 10), ('Fish&Chips', 10), ('Shrimp', 6), ('Salmon', 6)]",1195.0,-37.8222822,144.9609429,0,7.559,11.884892
ORDB01355,2018-07-20,14:35:29,Lunch,TP,"[('Burger', 6), ('Chicken', 3), ('Steak', 1), ('Fries', 6)]",399.0,-37.8076815,144.9544519,0,9.152,12.7992794
ORDJ09948,2018-07-25,14:45:38,Lunch,TP,"[('Chicken', 3), ('Steak', 5), ('Burger', 3), ('Salad', 3)]",465.6,-37.8106611,144.9559425,0,8.78,12.2626722
ORDY01583,2018-02-13,09:21:07,Breakfast,TP,"[('Pancake', 8), ('Cereal', 5), ('Coffee', 10)]",374.0,-37.803268,144.9651635,0,9.482,11.556634
ORDC06283,2018-05-14,12:23:39,Lunch,NS,"[('Salad', 2), ('Steak', 2), ('Fries', 9), ('Burger', 3), ('Chicken', 3)]",421.4,-37.8058297,144.9560816,0,7.934,13.465081
ORDK01608,2018-03-08,10:11:49,Breakfast,BK,"[('Pancake', 7), ('Cereal', 1), ('Eggs', 5), ('Coffee', 3)]",323.2,-37.8169035,144.9516802,0,9.898,15.0646532
ORDI09746,2018-06-21,13:34:38,Lunch,NS,"[('Chicken', 5), ('Salad', 6), ('Fries', 1)]",275.2,-37.8164251,144.9458711,0,9.293,14.9288006
ORDZ09294,2018-02-10,09:10:59,Breakfast,NS,"[('Cereal', 2), ('Coffee', 3), ('Pancake', 5)]",185.8,-37.8042644,144.9713938,0,7.023,13.6100451
ORDA03298,2018-09-03,16:06:45,Dinner,BK,"[('Salmon', 9), ('Shrimp', 5)]",639.0,-37.8144982,144.9355209,0,10.218,17.587624
ORDZ09736,2018-09-02,16:06:45,Dinner,NS,"[('Pasta', 4), ('Fish&Chips', 7), ('Salmon', 10), ('Shrimp', 10)]",1305.0,-37.8113026,144.972848,0,7.418,15.0852467
ORDK01348,2018-04-20,11:32:57,Breakfast,BK,"[('Coffee', 8), ('Pancake', 3), ('Cereal', 9)]",321.8,-37.8257184,144.9940034,0,6.069,10.4719657
ORDI00419,2018-02-26,09:51:32,Breakfast,NS,"[('Coffee', 3), ('Cereal', 1), ('Eggs', 1), ('Pancake', 2)]",114.0,-37.8094152,144.9637725,0,7.409,12.6279169
ORDJ09876,2018-02-09,09:10:59,Breakfast,TP,"[('Eggs', 8), ('Cereal', 10)]",386.0,-37.8134584,144.9682485,0,8.347,11.0085169
ORDK00011,2018-12-16,19:29:34,Dinner,BK,"[('Pasta', 6), ('Salmon', 7)]",452.0,-37.814417,144.9388882,0,9.822,19.3513508
ORDA06814,2018-08-17,15:36:20,Lunch,BK,"[('Salad', 9), ('Burger', 4), ('Fries', 5), ('Chicken', 4)]",466.8,-37.82313,144.93784,0,10.352,16.5058874
ORDY04779,2018-11-06,18:18:35,Dinner,TP,"[('Shrimp', 10), ('Pasta', 9)]",787.5,-37.8103906,144.9612267,0,8.492,12.7312605
ORDA07485,2018-04-03,11:02:32,Breakfast,BK,"[('Cereal', 5), ('Eggs', 10)]",325.0,-37.8125341,144.9878982,0,5.487,9.5897001
ORDY02489,2018-05-07,14:05:04,Lunch,TP,"[('Fries', 8), ('Salad', 9), ('Chicken', 2), ('Steak', 9), ('Burger', 9)]",998.8,-37.8111942,144.9990377,0,10.884,13.7194926
ORDC03459,2018-03-23,10:32:06,Breakfast,NS,"[('Eggs', 8), ('Cereal', 8)]",344.0,-37.8238631,144.9816201,0,9.355,13.8197381
ORDB04686,2018-10-27,17:58:18,Dinner,TP,"[('Pasta', 3), ('Shrimp', 8)]",514.5,-37.8209865,144.9660368,0,7.411,13.424981
ORDA06438,2018-10-12,17:27:53,Dinner,BK,"[('Pasta', 8), ('Salmon', 3), ('Fish&Chips', 4), ('Shrimp', 2)]",591.0,-37.819322,144.9627003,0,7.917,14.4726106
ORDI07951,2018-10-13,17:27:53,Dinner,NS,"[('Salmon', 10), ('Shrimp', 5), ('Pasta', 1)]",707.5,-37.8205981,144.9573088,0,9.33,17.7130219
ORDZ10313,2018-11-22,18:49:00,Dinner,NS,"[('Shrimp', 1), ('Salmon', 8)]",382.0,-37.8022187,144.9308002,0,10.077,16.1407488
ORDX01592,2018-11-12,18:28:43,Dinner,BK,"[('Salmon', 2), ('Fish&Chips', 8), ('Shrimp', 6), ('Pasta', 2)]",741.0,-37.8044394,144.9785221,0,6.961,13.7988718
ORDX06799,2018-11-03,18:08:27,Dinner,BK,"[('Shrimp', 8), ('Fish&Chips', 3)]",537.0,-37.8115349,144.9520968,0,8.541,17.9765626
ORDC03743,2018-06-15,13:24:30,Lunch,NS,"[('Salad', 5), ('Burger', 3), ('Steak', 1)]",224.0,-37.8154393,144.966482,0,8.079,14.0806055
ORDY02580,2018-09-06,16:16:54,Dinner,TP,"[('Shrimp', 8), ('Fish&Chips', 5), ('Pasta', 10), ('Salmon', 4)]",1046.0,-37.8193607,144.9765948,0,8.571,12.9428172
ORDY06057,2018-12-08,19:19:26,Dinner,TP,"[('Fish&Chips', 7), ('Pasta', 3), ('Salmon', 9), ('Shrimp', 9)]",1182.5,-37.8149824,144.9484848,0,9.215,15.0374032
ORDK05568,2018-12-17,19:39:43,Dinner,BK,"[('Pasta', 9), ('Salmon', 1), ('Fish&Chips', 3), ('Shrimp', 5)]",663.5,-37.8065644,144.9516826,0,8.534,15.5949699
ORDJ08642,2018-05-08,12:13:31,Lunch,TP,"[('Steak', 4), ('Chicken', 9), ('Fries', 2), ('Burger', 6)]",678.0,-37.798879,144.9516355,0,10.197,13.7688964
ORDA03978,2018-05-11,12:13:31,Lunch,BK,"[('Burger', 1), ('Chicken', 8), ('Fries', 5), ('Salad', 7), ('Steak', 7)]",782.4,-37.8117735,145.0020003,0,4.043,10.437276
ORDI02097,2018-07-17,14:25:21,Lunch,NS,"[('Salad', 9), ('Fries', 9)]",262.8,-37.8220486,144.9675731,0,8.9,13.777439
ORDK04254,2018-04-02,10:52:23,Breakfast,BK,"[('Eggs', 1), ('Cereal', 4), ('Pancake', 6), ('Coffee', 1)]",259.0,-37.8242505,144.9905173,0,6.639,11.024858
ORDZ08420,2018-03-14,10:21:58,Breakfast,NS,"[('Eggs', 6), ('Cereal', 10), ('Pancake', 2), ('Coffee', 8)]",450.5,-37.8067131,144.9688406,0,6.802,11.38829
ORDJ00223,2018-11-20,18:38:52,Dinner,TP,"[('Pasta', 10), ('Salmon', 7), ('Shrimp', 7), ('Fish&Chips', 6)]",1150.0,-37.8138328,144.9360399,0,10.653,14.88593
ORDK06570,2018-09-01,16:06:45,Dinner,BK,"[('Pasta', 6), ('Shrimp', 7)]",543.0,-37.8155614,144.9581634,0,8.199,17.9431398
ORDB00412,2018-11-28,18:59:09,Dinner,TP,"[('Fish&Chips', 7), ('Pasta', 3), ('Salmon', 1), ('Shrimp', 6)]",692.5,-37.8098557,144.9726327,0,9.137,13.164513
ORDJ05376,2018-10-02,17:07:36,Dinner,TP,"[('Pasta', 1), ('Salmon', 7), ('Fish&Chips', 3), ('Shrimp', 2)]",527.5,-37.8022153,144.9633568,0,9.517,13.6542789
ORDZ09980,2018-06-19,13:34:38,Lunch,NS,"[('Burger', 10), ('Fries', 10), ('Steak', 7)]",745.0,-37.8221639,145.0040768,0,10.85,16.2437342
ORDC02262,2018-08-08,15:16:03,Lunch,NS,"[('Burger', 1), ('Steak', 1)]",76.0,-37.8113629,144.9535902,0,8.385,13.7380399
ORDX07450,2018-10-01,17:07:36,Dinner,BK,"[('Salmon', 8), ('Fish&Chips', 1)]",363.0,-37.8040237,144.9334558,0,10.19,17.4543362
ORDB03209,2018-04-04,11:02:32,Breakfast,TP,"[('Coffee', 9), ('Pancake', 5), ('Cereal', 2)]",230.8,-37.8214425,144.9450779,0,9.162,11.4007263
ORDZ08635,2018-06-20,13:34:38,Lunch,NS,"[('Salad', 9), ('Chicken', 8)]",410.8,-37.8246042,144.9583415,0,9.869,15.132579
ORDC04092,2018-05-03,12:03:22,Lunch,NS,"[('Burger', 4), ('Fries', 10), ('Steak', 3), ('Chicken', 10), ('Salad', 1)]",716.2,-37.8065618,144.9379647,0,9.589,15.0165163
ORDB07542,2018-05-12,12:13:31,Lunch,TP,"[('Salad', 6), ('Fries', 4), ('Burger', 7), ('Chicken', 1)]",400.2,-37.8028608,144.9604682,0,9.379,14.3278263
ORDA01546,2018-11-23,18:49:00,Dinner,BK,"[('Shrimp', 2), ('Fish&Chips', 9)]",423.0,-37.7938788,144.9851776,0,7.356,14.6094775
ORDK10810,2018-10-08,17:17:44,Dinner,BK,"[('Shrimp', 6), ('Fish&Chips', 3)]",429.0,-37.8176681,144.9591349,0,8.226,15.2253524
ORDC02563,2018-06-18,13:34:38,Lunch,NS,"[('Chicken', 9), ('Fries', 8)]",384.0,-37.8194136,145.0073016,0,10.777,15.9905553
ORDX02184,2018-04-27,11:43:05,Breakfast,BK,"[('Coffee', 8), ('Pancake', 4), ('Eggs', 5), ('Cereal', 4)]",351.0,-37.8116581,145.0045714,0,3.8,8.4259148
ORDX02977,2018-10-19,17:38:01,Dinner,BK,"[('Salmon', 1), ('Fish&Chips', 10), ('Pasta', 4)]",501.0,-37.801049,144.98937,0,5.957,12.8225335
ORDI08882,2018-02-06,09:10:59,Breakfast,NS,"[('Eggs', 4), ('Pancake', 8)]",282.0,-37.8220996,144.9382293,0,10.591,15.7117521
ORDI03252,2018-02-15,09:21:07,Breakfast,NS,"[('Pancake', 5), ('Coffee', 9), ('Cereal', 8), ('Eggs', 4)]",444.8,-37.8109101,145.0041604,0,9.803,14.5668396
ORDI07122,2018-03-10,10:11:49,Breakfast,NS,"[('Coffee', 1), ('Pancake', 2)]",56.0,-37.8254859,145.0151583,0,11.981,18.9822817
ORDI00548,2018-09-17,16:37:10,Dinner,NS,"[('Salmon', 10), ('Pasta', 1), ('Fish&Chips', 8)]",717.5,-37.8194812,145.0077188,0,10.886,17.5682832
ORDB09033,2018-11-10,18:18:35,Dinner,TP,"[('Pasta', 5), ('Fish&Chips', 3)]",242.5,-37.8128581,144.9357274,0,11.001,16.2876964
ORDB02091,2018-01-08,08:10:08,Breakfast,TP,"[('Pancake', 5), ('Cereal', 6), ('Coffee', 2), ('Eggs', 10)]",482.2,-37.8168491,144.9789949,1,8.848,5.7376705
ORDI10378,2018-11-16,18:38:52,Dinner,NS,"[('Fish&Chips', 10), ('Salmon', 7)]",637.0,-37.8049021,144.9691468,0,6.596,12.0379632
ORDX03946,2018-08-20,15:36:20,Lunch,BK,"[('Steak', 4), ('Fries', 6), ('Salad', 3)]",303.6,-37.8043283,144.9498942,0,8.713,15.2051882
ORDB08079,2018-10-12,17:27:53,Dinner,TP,"[('Pasta', 6), ('Shrimp', 10), ('Salmon', 3)]",828.0,-37.8122185,144.9608499,0,8.535,12.682794
ORDI09524,2018-01-27,08:50:42,Breakfast,NS,"[('Cereal', 8), ('Coffee', 3), ('Eggs', 3), ('Pancake', 8)]",450.5,-37.8071697,144.9469712,0,8.799,15.822751
ORDA04055,2018-08-19,15:36:20,Lunch,BK,"[('Salad', 5), ('Fries', 3), ('Burger', 1)]",153.0,-37.813629,144.9656432,0,7.508,16.4697772
ORDB05905,2018-12-22,19:49:51,Dinner,TP,"[('Fish&Chips', 10), ('Salmon', 9)]",719.0,-37.807011,144.9666602,0,9.148,15.3125861
ORDA07219,2018-04-27,11:43:05,Breakfast,BK,"[('Coffee', 10), ('Cereal', 1), ('Pancake', 3)]",168.8,-37.8133396,144.9652632,0,7.543,12.6404977
ORDX08319,2018-01-31,09:00:50,Breakfast,BK,"[('Coffee', 3), ('Pancake', 3), ('Cereal', 10), ('Eggs', 3)]",371.2,-37.8048493,144.9662942,0,7.302,11.9215633
ORDC08556,2018-06-02,13:04:13,Lunch,NS,"[('Fries', 10), ('Steak', 9)]",525.0,-37.8177259,144.9662799,0,8.413,15.9746041
ORDY04619,2018-12-22,19:49:51,Dinner,TP,"[('Shrimp', 4), ('Pasta', 3), ('Fish&Chips', 5)]",473.5,-37.805768,144.966843,0,9.38,15.045268
ORDZ08796,2018-03-21,10:32:06,Breakfast,NS,"[('Coffee', 10), ('Eggs', 5), ('Pancake', 5)]",306.2,-37.8131553,144.9596938,0,8.085,13.2568075
ORDZ08118,2018-01-08,08:10:08,Breakfast,NS,"[('Cereal', 2), ('Pancake', 6)]",187.5,-37.8076698,144.9734049,1,7.068,6.0298673
ORDK10953,2018-10-21,17:38:01,Dinner,BK,"[('Salmon', 5), ('Shrimp', 5), ('Pasta', 8), ('Fish&Chips', 7)]",940.0,-37.8234357,144.9702067,0,7.973,17.6646502
ORDJ01081,2018-01-15,08:20:16,Breakfast,TP,"[('Cereal', 2), ('Pancake', 10), ('Eggs', 2), ('Coffee', 4)]",358.5,-37.8095167,144.99974,1,11.11,6.6113254
ORDZ02982,2018-11-09,18:18:35,Dinner,NS,"[('Shrimp', 9), ('Salmon', 4), ('Pasta', 5)]",787.5,-37.8210995,144.9578039,0,9.268,15.4207751
ORDB05461,2018-12-29,20:00:00,Dinner,TP,"[('Shrimp', 4), ('Salmon', 9), ('Pasta', 10)]",860.0,-37.8263303,144.9665032,0,8.138,13.8873269
ORDA10120,2018-01-23,08:40:33,Breakfast,BK,"[('Pancake', 5), ('Eggs', 1)]",143.2,-37.8190756,144.9540735,0,8.702,13.3619498
ORDB01161,2018-11-24,18:49:00,Dinner,TP,"[('Fish&Chips', 6), ('Pasta', 8), ('Salmon', 2)]",512.0,-37.8134156,144.940074,0,10.142,14.7599883
ORDZ00738,2018-05-03,12:03:22,Lunch,NS,"[('Steak', 7), ('Fries', 9), ('Salad', 9)]",577.8,-37.8121669,144.9664055,0,7.635,13.1912343
ORDI05663,2018-02-12,09:21:07,Breakfast,NS,"[('Pancake', 2), ('Eggs', 4), ('Cereal', 7)]",283.5,-37.8140165,144.9716172,0,7.656,12.663762
ORDA06252,2018-02-11,09:21:07,Breakfast,BK,"[('Eggs', 8), ('Coffee', 2)]",191.0,-37.8139812,144.971284,0,7.082,14.6103461
ORDZ07563,2018-01-18,08:30:25,Breakfast,NS,"[('Cereal', 8), ('Eggs', 10)]",388.0,-37.8056348,144.953619,1,8.16,6.4471513
ORDB07562,2018-05-04,12:03:22,Lunch,TP,"[('Steak', 9), ('Fries', 6), ('Salad', 6), ('Burger', 9)]",859.2,-37.8001569,144.9353663,0,13.661,16.5856758
ORDC06300,2018-11-24,18:49:00,Dinner,NS,"[('Pasta', 5), ('Salmon', 5), ('Shrimp', 9)]",828.5,-37.808938,144.9838767,0,7.996,16.0612133
ORDZ09897,2018-09-04,11:12:40,Breakfast,NS,"[('Eggs', 2), ('Pancake', 5), ('Coffee', 9)]",232.8,-37.8023054,144.9425337,0,8.873,13.4577302
ORDZ00043,2018-09-28,16:57:27,Dinner,NS,"[('Shrimp', 5), ('Pasta', 2), ('Salmon', 8), ('Fish&Chips', 10)]",1003.0,-37.8004914,144.9515215,0,7.966,14.2600138
ORDB06389,2018-04-23,11:43:05,Breakfast,TP,"[('Coffee', 6), ('Eggs', 6), ('Pancake', 2), ('Cereal', 3)]",288.5,-37.8192205,144.9529847,0,8.554,11.3128028
ORDB02187,2018-03-07,10:01:41,Breakfast,TP,"[('Pancake', 5), ('Eggs', 7)]",275.2,-37.8191367,144.984824,0,9.233,11.8202737
ORDK04094,2018-04-29,11:53:14,Breakfast,BK,"[('Cereal', 1), ('Eggs', 7), ('Coffee', 4)]",205.0,-37.8176151,145.0054107,0,4.258,11.6874884
ORDY02566,2018-04-27,11:43:05,Breakfast,TP,"[('Coffee', 8), ('Cereal', 3), ('Pancake', 9)]",341.2,-37.8117045,145.0050444,0,11.413,14.1263403
ORDX03895,2018-11-27,18:59:09,Dinner,BK,"[('Salmon', 1), ('Pasta', 2), ('Fish&Chips', 9), ('Shrimp', 9)]",897.0,-37.8186997,145.0052457,0,4.386,11.7357333
ORDJ02159,2018-02-10,09:10:59,Breakfast,TP,"[('Coffee', 5), ('Cereal', 1)]",58.5,-37.8087126,144.9663936,0,8.884,12.7098678
ORDA09275,2018-05-24,12:43:56,Lunch,BK,"[('Fries', 3), ('Steak', 2)]",126.0,-37.8040854,144.9584151,0,7.925,13.658724
ORDC07067,2018-10-31,17:58:18,Dinner,NS,"[('Pasta', 4), ('Fish&Chips', 9), ('Salmon', 10)]",835.0,-37.8211548,144.9627111,0,9.04,15.0470189
ORDA00022,2018-02-03,09:00:50,Breakfast,BK,"[('Coffee', 6), ('Pancake', 9)]",263.2,-37.8095353,144.9558206,0,8.174,16.0299196
ORDA03600,2018-06-19,13:34:38,Lunch,BK,"[('Steak', 3), ('Burger', 7)]",352.0,-37.8220177,145.0047069,0,4.764,10.252888
ORDJ00839,2018-12-05,19:09:17,Dinner,TP,"[('Fish&Chips', 2), ('Shrimp', 2), ('Salmon', 6)]",424.0,-37.8094885,145.0089223,0,12.132,15.9407638
ORDZ02725,2018-02-19,09:31:16,Breakfast,NS,"[('Eggs', 2), ('Coffee', 10), ('Cereal', 4)]",203.0,-37.8064677,144.9456793,0,8.92,13.7799365
ORDZ05947,2018-11-14,18:28:43,Dinner,NS,"[('Salmon', 7), ('Pasta', 6), ('Shrimp', 4)]",668.0,-37.8006469,144.9616666,0,6.94,12.5306059
ORDI05561,2018-04-23,11:43:05,Breakfast,NS,"[('Cereal', 7), ('Eggs', 10), ('Coffee', 9), ('Pancake', 3)]",507.2,-37.8187721,144.9535272,0,9.211,14.215382
ORDY04687,2018-04-25,11:43:05,Breakfast,TP,"[('Eggs', 9), ('Coffee', 3), ('Cereal', 1)]",241.5,-37.8188756,144.9531207,0,8.531,11.6874608
ORDX01054,2018-02-18,09:31:16,Breakfast,BK,"[('Pancake', 9), ('Cereal', 10), ('Coffee', 4)]",458.2,-37.8193114,144.9939879,0,5.492,12.6400416
ORDK10166,2018-12-18,19:39:43,Dinner,BK,"[('Salmon', 1), ('Fish&Chips', 1)]",76.0,-37.8084858,144.9467792,0,9.049,15.9787421
ORDX06632,2018-12-03,19:09:17,Dinner,BK,"[('Shrimp', 9), ('Pasta', 2)]",541.0,-37.8182346,144.9566501,0,8.463,15.4613123
ORDY04436,2018-04-05,11:02:32,Breakfast,TP,"[('Eggs', 2), ('Coffee', 3), ('Pancake', 10), ('Cereal', 10)]",519.0,-37.8177257,144.9518751,0,8.735,11.4439865
ORDZ05876,2018-05-21,12:33:48,Lunch,NS,"[('Steak', 5), ('Burger', 2)]",287.0,-37.8174848,144.965281,0,8.435,13.636927
ORDC07000,2018-08-31,15:56:37,Lunch,NS,"[('Chicken', 9), ('Fries', 10)]",408.0,-37.8047337,144.9618009,0,7.258,12.8191205
ORDY00919,2018-05-23,12:43:56,Lunch,TP,"[('Steak', 8), ('Salad', 10), ('Fries', 9), ('Chicken', 7)]",864.0,-37.8137087,144.9882469,0,9.803,13.1020281
ORDC02973,2018-08-02,15:05:54,Lunch,NS,"[('Salad', 10), ('Fries', 5)]",232.0,-37.8111952,144.9697619,0,7.332,12.8684522
ORDX07102,2018-04-22,11:32:57,Breakfast,BK,"[('Eggs', 10), ('Cereal', 5)]",325.0,-37.818784,144.9532152,0,8.813,16.0122448
ORDJ04338,2018-04-10,11:12:40,Breakfast,TP,"[('Cereal', 7), ('Coffee', 3), ('Eggs', 3)]",235.5,-37.8026508,144.9455772,0,10.23,13.0858962
ORDI06435,2018-03-15,10:21:58,Breakfast,NS,"[('Eggs', 7), ('Cereal', 8), ('Pancake', 9)]",540.2,-37.8189174,144.9823778,0,8.942,14.0530524
ORDZ10320,2018-09-21,16:47:19,Dinner,NS,"[('Pasta', 9), ('Shrimp', 3), ('Salmon', 8)]",737.5,-37.8201858,144.9578371,0,9.162,15.0844465
ORDX04042,2018-07-15,14:25:21,Lunch,BK,"[('Burger', 9), ('Chicken', 6), ('Fries', 3)]",507.0,-37.8202551,144.9573457,0,8.378,16.8864252
ORDX06827,2018-12-14,19:29:34,Dinner,BK,"[('Pasta', 7), ('Fish&Chips', 6), ('Salmon', 7)]",689.5,-37.8179629,144.932101,0,10.61,17.718591
ORDB05707,2018-10-12,17:27:53,Dinner,TP,"[('Fish&Chips', 7), ('Shrimp', 6), ('Salmon', 1), ('Pasta', 8)]",830.0,-37.8088649,144.9451412,0,9.876,14.0633551
ORDY01846,2018-11-13,18:28:43,Dinner,TP,"[('Shrimp', 5), ('Pasta', 2), ('Salmon', 5)]",530.0,-37.8119553,144.96046,0,8.46,12.9164312
ORDY06763,2018-08-22,15:46:28,Lunch,TP,"[('Salad', 4), ('Fries', 7)]",152.8,-37.8150935,144.9488377,0,9.184,12.4320798
ORDC00346,2018-11-03,18:08:27,Dinner,NS,"[('Pasta', 3), ('Salmon', 5)]",287.5,-37.8065683,144.9782587,0,7.303,15.0878579
ORDZ06568,2018-09-06,16:16:54,Dinner,NS,"[('Salmon', 8), ('Fish&Chips', 10), ('Pasta', 6)]",843.0,-37.8128773,144.9372702,0,10.07,16.0804133
ORDK06472,2018-10-31,17:58:18,Dinner,BK,"[('Shrimp', 10), ('Fish&Chips', 1)]",575.0,-37.8215275,144.9617357,0,8.219,15.9831964
ORDK01196,2018-05-08,12:13:31,Lunch,BK,"[('Steak', 10), ('Salad', 5), ('Burger', 8)]",784.0,-37.8223201,144.9340693,0,10.713,16.5483339
ORDJ10007,2018-01-19,08:30:25,Breakfast,TP,"[('Pancake', 10), ('Coffee', 9), ('Eggs', 8), ('Cereal', 5)]",591.0,-37.8220367,144.9797915,1,8.536,5.7514916
ORDC06344,2018-09-30,16:57:27,Dinner,NS,"[('Fish&Chips', 1), ('Pasta', 8), ('Salmon', 1), ('Shrimp', 4)]",512.0,-37.8122409,144.9638955,0,7.759,15.4554588
ORDX09115,2018-04-21,11:32:57,Breakfast,BK,"[('Cereal', 2), ('Eggs', 4)]",130.0,-37.8176508,144.9693844,0,7.691,14.9397506
ORDC06129,2018-01-18,08:30:25,Breakfast,NS,"[('Coffee', 7), ('Cereal', 2), ('Pancake', 5)]",215.8,-37.8124003,145.0163066,1,11.16,7.6589191
ORDA09173,2018-01-22,08:40:33,Breakfast,BK,"[('Pancake', 5), ('Eggs', 6)]",253.2,-37.8102304,144.9305611,0,11.396,16.6234244
ORDZ02273,2018-04-21,11:32:57,Breakfast,NS,"[('Pancake', 3), ('Coffee', 9), ('Eggs', 5)]",250.2,-37.8189345,144.953097,0,9.255,15.4976706
ORDB03772,2018-07-09,14:15:12,Lunch,TP,"[('Chicken', 8), ('Salad', 9), ('Fries', 9), ('Steak', 10)]",968.8,-37.801585,144.9970287,0,11.562,14.5426352
ORDB07309,2018-07-18,14:35:29,Lunch,TP,"[('Burger', 1), ('Salad', 1), ('Chicken', 4), ('Steak', 9), ('Fries', 5)]",641.2,-37.8017491,144.9837748,0,10.481,13.5907637
ORDY00712,2018-05-07,12:03:22,Lunch,TP,"[('Salad', 5), ('Burger', 9), ('Chicken', 7)]",589.0,-37.8070061,144.9550152,0,9.24,12.9585854
ORDY00480,2018-09-11,16:27:02,Dinner,TP,"[('Pasta', 9), ('Salmon', 3)]",370.5,-37.8082448,144.968892,0,9.081,13.1553958
ORDB09360,2018-12-10,19:19:26,Dinner,TP,"[('Shrimp', 1), ('Fish&Chips', 7)]",299.0,-37.8022891,145.0027802,0,11.946,15.2684285
ORDK09636,2018-03-11,10:11:49,Breakfast,BK,"[('Cereal', 10), ('Eggs', 4)]",298.0,-37.8045246,144.9632753,0,7.574,15.1466906
ORDB03054,2018-09-02,16:06:45,Dinner,TP,"[('Shrimp', 5), ('Fish&Chips', 1), ('Salmon', 2)]",387.0,-37.8127114,144.9679761,0,8.438,13.7284422
ORDA06236,2018-10-15,17:27:53,Dinner,BK,"[('Salmon', 4), ('Pasta', 10), ('Shrimp', 4), ('Fish&Chips', 1)]",690.0,-37.8117158,144.9920942,0,4.997,11.5867301
ORDY05754,2018-02-03,09:00:50,Breakfast,TP,"[('Coffee', 8), ('Pancake', 10), ('Eggs', 1)]",324.5,-37.821443,144.961383,0,7.449,11.8389392
ORDI08902,2018-12-15,19:29:34,Dinner,NS,"[('Pasta', 10), ('Fish&Chips', 9), ('Salmon', 2), ('Shrimp', 2)]",780.0,-37.8086179,144.9709962,0,7.131,15.2077531
ORDJ09460,2018-09-03,16:06:45,Dinner,TP,"[('Shrimp', 5), ('Pasta', 10)]",545.0,-37.8148701,144.9356697,0,10.698,14.5113557
ORDB08418,2018-08-27,15:56:37,Lunch,TP,"[('Salad', 3), ('Fries', 5), ('Steak', 4)]",291.6,-37.8190279,144.954338,0,8.389,12.3758924
ORDX04709,2018-04-15,11:22:49,Breakfast,BK,"[('Coffee', 1), ('Cereal', 9), ('Eggs', 8), ('Pancake', 5)]",493.8,-37.8047336,144.9450941,0,9.046,16.3322316
ORDA08256,2018-04-11,11:12:40,Breakfast,BK,"[('Cereal', 10), ('Pancake', 2), ('Coffee', 7)]",311.0,-37.8082401,144.9632852,0,7.53,12.5846712
ORDC06245,2018-01-27,08:50:42,Breakfast,NS,"[('Eggs', 8), ('Coffee', 2)]",191.0,-37.7993265,144.9631099,0,6.887,13.1536852
ORDA08973,2018-01-29,08:50:42,Breakfast,BK,"[('Cereal', 10), ('Eggs', 8), ('Coffee', 4), ('Pancake', 5)]",537.2,-37.817398,144.9600678,0,8.138,12.6657093
ORDB08380,2018-11-13,18:28:43,Dinner,TP,"[('Salmon', 2), ('Fish&Chips', 4)]",222.0,-37.8210297,144.943017,0,9.348,13.6473904
ORDI09921,2018-03-01,09:51:32,Breakfast,NS,"[('Eggs', 5), ('Pancake', 3), ('Coffee', 4)]",212.8,-37.8237007,144.9868771,0,9.436,14.1037099
ORDC08662,2018-02-15,09:31:16,Breakfast,NS,"[('Pancake', 8), ('Coffee', 5), ('Cereal', 7), ('Eggs', 10)]",598.5,-37.8075807,144.9577981,0,7.926,12.8843155
ORDJ10576,2018-02-15,09:21:07,Breakfast,TP,"[('Coffee', 2), ('Cereal', 8), ('Eggs', 6), ('Pancake', 6)]",460.5,-37.8235063,144.9675756,0,7.844,10.8059759
ORDX00476,2018-08-06,15:05:54,Lunch,BK,"[('Chicken', 5), ('Steak', 6)]",430.0,-37.8072432,144.9687506,0,6.922,13.0693504
ORDI05803,2018-06-29,13:54:55,Lunch,NS,"[('Chicken', 4), ('Steak', 8)]",488.0,-37.827413,144.9852205,0,9.707,15.5609833
ORDZ09602,2018-06-02,13:04:13,Lunch,NS,"[('Burger', 8), ('Steak', 8), ('Fries', 6), ('Salad', 1), ('Chicken', 2)]",761.2,-37.8019728,144.9825285,0,7.227,14.8430257
ORDZ03837,2018-07-30,14:55:46,Lunch,NS,"[('Fries', 7), ('Burger', 9)]",363.0,-37.8003197,145.0098041,0,9.938,15.5352564
ORDA10546,2018-03-03,10:01:41,Breakfast,BK,"[('Eggs', 8), ('Pancake', 3), ('Cereal', 1)]",269.8,-37.8209395,144.9683024,0,8.018,15.8898953
ORDJ03554,2018-09-30,16:57:27,Dinner,TP,"[('Pasta', 3), ('Salmon', 1), ('Shrimp', 2), ('Fish&Chips', 6)]",441.5,-37.801015,144.9870425,0,10.746,16.204373
ORDY02845,2018-01-07,08:10:08,Breakfast,TP,"[('Eggs', 4), ('Cereal', 2), ('Pancake', 1), ('Coffee', 6)]",199.2,-37.8133329,144.9375277,1,10.569,7.0057281
ORDA02958,2018-03-02,09:51:32,Breakfast,BK,"[('Cereal', 5), ('Eggs', 10)]",325.0,-37.819805,145.0117049,0,4.471,9.3068965
ORDA05917,2018-02-05,09:10:59,Breakfast,BK,"[('Pancake', 10), ('Cereal', 10)]",452.5,-37.8100432,144.9727242,0,6.741,11.5409085
ORDY10939,2018-12-10,19:19:26,Dinner,TP,"[('Salmon', 9), ('Fish&Chips', 2), ('Pasta', 5)]",576.5,-37.8246572,144.9430904,0,9.235,13.2549223
ORDY03096,2018-01-19,08:30:25,Breakfast,TP,"[('Coffee', 4), ('Cereal', 4)]",114.0,-37.8029891,144.967552,1,9.63,5.7077484
ORDK03339,2018-05-25,12:43:56,Lunch,BK,"[('Chicken', 2), ('Burger', 10)]",374.0,-37.8041569,144.9939808,0,5.242,11.0688136
ORDC02923,2018-01-12,08:20:16,Breakfast,NS,"[('Eggs', 6), ('Cereal', 7)]",279.0,-37.8197302,144.9682523,1,8.635,6.9170779
ORDC04190,2018-04-30,11:53:14,Breakfast,NS,"[('Pancake', 6), ('Cereal', 2)]",187.5,-37.8046905,144.9731711,0,6.805,12.2290117
ORDY02493,2018-10-30,17:58:18,Dinner,TP,"[('Fish&Chips', 3), ('Salmon', 5), ('Shrimp', 10), ('Pasta', 8)]",1070.0,-37.8113219,144.9369299,0,10.446,14.7382842
ORDX07213,2018-08-16,15:26:11,Lunch,BK,"[('Fries', 5), ('Chicken', 1), ('Steak', 3), ('Burger', 1)]",258.0,-37.8114192,145.0097679,0,3.265,9.0922804
ORDJ03344,2018-06-16,13:24:30,Lunch,TP,"[('Chicken', 1), ('Fries', 5), ('Burger', 7), ('Steak', 10)]",759.0,-37.7990965,144.9430502,0,10.793,15.6710986
ORDK00739,2018-11-29,18:59:09,Dinner,BK,"[('Salmon', 9), ('Pasta', 3)]",451.5,-37.8209907,144.9827265,0,6.668,13.3532647
ORDY01776,2018-12-04,19:09:17,Dinner,TP,"[('Pasta', 2), ('Shrimp', 3), ('Salmon', 1), ('Fish&Chips', 3)]",363.0,-37.8108562,145.015583,0,12.832,16.7412769
ORDB08432,2018-03-23,10:42:15,Breakfast,TP,"[('Eggs', 9), ('Pancake', 2), ('Coffee', 8), ('Cereal', 9)]",495.5,-37.799476,144.9552516,0,9.853,12.730585
ORDB05672,2018-07-13,14:25:21,Lunch,TP,"[('Steak', 6), ('Salad', 4), ('Burger', 7), ('Fries', 3)]",591.8,-37.8165198,145.0049966,0,11.23,14.7914328
ORDA06918,2018-03-08,10:11:49,Breakfast,BK,"[('Coffee', 10), ('Pancake', 8), ('Cereal', 8)]",437.0,-37.8116652,144.9844562,0,5.671,10.9164719
ORDB08208,2018-10-04,17:07:36,Dinner,TP,"[('Shrimp', 4), ('Pasta', 4), ('Fish&Chips', 4), ('Salmon', 2)]",548.0,-37.8135038,144.9902428,0,9.959,13.4860736
ORDC09527,2018-01-30,08:50:42,Breakfast,NS,"[('Cereal', 2), ('Pancake', 1)]",66.2,-37.8230339,144.9763884,0,9.022,14.439794
ORDZ01741,2018-07-25,14:45:38,Lunch,NS,"[('Steak', 5), ('Salad', 6), ('Chicken', 8)]",584.2,-37.7997929,144.9636693,0,6.781,11.9464687
ORDX06176,2018-07-07,14:05:04,Lunch,BK,"[('Salad', 7), ('Chicken', 10), ('Fries', 9), ('Burger', 2)]",610.4,-37.8142378,144.9871033,0,5.638,14.2638505
ORDB06431,2018-03-16,10:21:58,Breakfast,TP,"[('Cereal', 4), ('Pancake', 6)]",229.5,-37.7995735,144.9550822,0,9.845,11.4839553
ORDZ04751,2018-12-03,19:09:17,Dinner,NS,"[('Pasta', 6), ('Fish&Chips', 5)]",340.0,-37.8182346,144.9566501,0,8.94,15.0409765
ORDK04755,2018-02-15,09:21:07,Breakfast,BK,"[('Eggs', 9), ('Cereal', 4), ('Coffee', 9), ('Pancake', 9)]",567.8,-37.8118825,144.9695648,0,7.166,11.9452979
ORDC07301,2018-08-10,15:16:03,Lunch,NS,"[('Chicken', 1), ('Burger', 9), ('Salad', 6), ('Fries', 6), ('Steak', 10)]",936.2,-37.8049524,144.9724038,0,6.885,12.3700292
ORDZ04670,2018-10-27,17:58:18,Dinner,NS,"[('Salmon', 3), ('Fish&Chips', 10)]",473.0,-37.8204791,144.9660281,0,8.903,16.7615994
ORDB01299,2018-04-07,11:12:40,Breakfast,TP,"[('Pancake', 6), ('Coffee', 7), ('Eggs', 10)]",418.0,-37.8192593,145.0112358,0,11.633,15.5460506
ORDI09649,2018-11-22,18:49:00,Dinner,NS,"[('Shrimp', 7), ('Pasta', 1), ('Salmon', 8), ('Fish&Chips', 1)]",768.5,-37.8136538,144.9306027,0,10.095,16.4587786
ORDC04529,2018-11-22,18:49:00,Dinner,NS,"[('Pasta', 4), ('Shrimp', 5), ('Fish&Chips', 8), ('Salmon', 8)]",988.0,-37.8207745,144.9846564,0,9.276,15.4592643
ORDB05926,2018-03-12,10:11:49,Breakfast,TP,"[('Cereal', 7), ('Coffee', 2)]",162.0,-37.8076636,144.9714383,0,9.298,11.8702352
ORDJ07178,2018-01-24,08:40:33,Breakfast,TP,"[('Coffee', 6), ('Eggs', 3), ('Pancake', 10)]",353.5,-37.8180463,144.9669209,0,7.642,10.5912477
ORDZ01824,2018-02-08,15:05:54,Lunch,NS,"[('Fries', 6), ('Salad', 3), ('Burger', 3), ('Chicken', 5)]",376.6,-37.8113862,144.969102,0,7.375,12.720331
ORDA01708,2018-08-14,15:26:11,Lunch,BK,"[('Salad', 6), ('Fries', 9), ('Steak', 2), ('Burger', 4)]",425.2,-37.8118537,144.9726075,0,6.892,12.4089399
ORDJ07038,2018-10-07,17:17:44,Dinner,TP,"[('Fish&Chips', 4), ('Pasta', 2)]",195.0,-37.8020638,144.9657071,0,9.643,15.2005613
ORDJ03686,2018-06-22,13:34:38,Lunch,TP,"[('Burger', 5), ('Chicken', 3)]",251.0,-37.8043288,145.0007417,0,11.813,14.8948232
ORDC06726,2018-09-14,16:27:02,Dinner,NS,"[('Shrimp', 9), ('Salmon', 6), ('Fish&Chips', 6)]",942.0,-37.8038474,144.9879446,0,7.911,13.7731272
ORDX06031,2018-08-09,15:16:03,Lunch,BK,"[('Fries', 6), ('Salad', 10), ('Steak', 8), ('Chicken', 10)]",924.0,-37.8068272,144.9378833,0,10.224,16.0331046
ORDJ10873,2018-04-16,11:22:49,Breakfast,TP,"[('Eggs', 3), ('Pancake', 3), ('Cereal', 9)]",327.8,-37.8102362,144.968798,0,8.824,11.3098069
ORDC01508,2018-04-23,11:43:05,Breakfast,NS,"[('Coffee', 4), ('Eggs', 6), ('Pancake', 9)]",380.2,-37.8188716,144.9534479,0,9.235,14.1747262
ORDJ09981,2018-08-27,15:56:37,Lunch,TP,"[('Burger', 1), ('Steak', 7), ('Chicken', 2)]",410.0,-37.8194228,144.9542336,0,8.375,12.0437223
ORDJ04152,2018-04-10,11:12:40,Breakfast,TP,"[('Pancake', 7), ('Coffee', 8)]",229.8,-37.819452,145.0037269,0,10.969,13.3822703
ORDZ07665,2018-12-28,20:00:00,Dinner,NS,"[('Pasta', 6), ('Salmon', 1)]",206.0,-37.8117127,144.9716148,0,7.491,13.6301182
ORDY02035,2018-10-16,17:27:53,Dinner,TP,"[('Pasta', 3), ('Salmon', 9), ('Shrimp', 1), ('Fish&Chips', 8)]",785.5,-37.8233786,144.994316,0,9.809,14.0497986
ORDK04173,2018-05-04,12:03:22,Lunch,BK,"[('Steak', 3), ('Salad', 8)]",272.6,-37.7998283,144.9354144,0,12.242,18.0898314
ORDA01941,2018-07-19,14:35:29,Lunch,BK,"[('Steak', 1), ('Chicken', 6), ('Fries', 8), ('Burger', 1)]",364.0,-37.809623,145.0150468,0,4.087,10.0455281
ORDA11025,2018-02-05,09:00:50,Breakfast,BK,"[('Eggs', 8), ('Cereal', 6), ('Pancake', 10)]",544.5,-37.8159454,144.9930088,0,5.229,9.8788486
ORDK08185,2018-05-26,12:43:56,Lunch,BK,"[('Salad', 2), ('Fries', 10)]",154.4,-37.8029602,144.9580348,0,8.043,16.2189641
ORDA06484,2018-01-10,08:10:08,Breakfast,BK,"[('Pancake', 9), ('Coffee', 9), ('Cereal', 1), ('Eggs', 9)]",504.8,-37.8256512,144.9600263,1,8.705,7.0536688
ORDI02371,2018-03-11,10:11:49,Breakfast,NS,"[('Pancake', 6), ('Cereal', 9)]",334.5,-37.8036436,144.9633913,0,7.042,13.9352312
ORDZ03566,2018-03-10,10:11:49,Breakfast,NS,"[('Cereal', 9), ('Eggs', 7), ('Coffee', 3)]",365.5,-37.8241511,145.0151495,0,11.884,18.7394725
ORDA01936,2018-06-11,13:14:21,Lunch,BK,"[('Burger', 4), ('Chicken', 10)]",444.0,-37.8037072,144.9622566,0,7.762,13.5083857
ORDY04067,2018-08-24,15:46:28,Lunch,TP,"[('Fries', 9), ('Salad', 2), ('Burger', 5)]",297.4,-37.803193,144.9512462,0,9.882,12.9483727
ORDZ05250,2018-02-20,09:31:16,Breakfast,NS,"[('Coffee', 7), ('Cereal', 2)]",94.5,-37.8048774,144.9358409,0,9.786,15.0583309
ORDY02902,2018-03-13,10:21:58,Breakfast,TP,"[('Coffee', 2), ('Pancake', 3)]",87.8,-37.8238537,144.9811678,0,8.827,11.3214056
ORDX02592,2018-05-04,12:03:22,Lunch,BK,"[('Burger', 8), ('Fries', 1), ('Chicken', 9), ('Salad', 1)]",565.2,-37.8200673,144.9586124,0,8.258,14.1397426
ORDY09932,2018-08-28,15:56:37,Lunch,TP,"[('Burger', 9), ('Fries', 10), ('Salad', 8)]",536.6,-37.8117563,144.9635572,0,8.325,11.6576592
ORDB02055,2018-07-06,14:05:04,Lunch,TP,"[('Chicken', 1), ('Burger', 10), ('Salad', 1), ('Fries', 4)]",407.2,-37.8197666,144.9949336,0,10.169,13.2099289
ORDY02483,2018-07-03,14:05:04,Lunch,TP,"[('Salad', 10), ('Chicken', 2), ('Steak', 8), ('Fries', 3), ('Burger', 4)]",756.0,-37.8096588,144.9640636,0,8.653,12.2819235
ORDJ05132,2018-03-02,09:51:32,Breakfast,TP,"[('Eggs', 8), ('Coffee', 6), ('Pancake', 2), ('Cereal', 3)]",332.5,-37.8047703,144.9646829,0,9.293,11.9957196
ORDB04046,2018-04-04,11:02:32,Breakfast,TP,"[('Cereal', 7), ('Pancake', 8)]",341.0,-37.816895,144.9820596,0,9.086,11.4781617
ORDC07314,2018-06-20,13:34:38,Lunch,NS,"[('Salad', 1), ('Chicken', 2), ('Burger', 9), ('Steak', 4)]",540.2,-37.8041775,144.9492187,0,8.416,13.6179636
ORDY07672,2018-11-12,18:28:43,Dinner,TP,"[('Pasta', 8), ('Shrimp', 6), ('Salmon', 1)]",585.0,-37.8037319,144.9797286,0,10.277,14.3115941
ORDA04857,2018-04-09,16:06:45,Dinner,BK,"[('Pasta', 9), ('Salmon', 4), ('Fish&Chips', 7), ('Shrimp', 1)]",710.5,-37.800859,144.9520832,0,8.665,15.6564847
ORDJ05090,2018-05-28,12:54:05,Lunch,TP,"[('Burger', 7), ('Fries', 8)]",313.0,-37.8089529,144.9463694,0,9.769,13.1850175
ORDB02363,2018-07-09,14:15:12,Lunch,TP,"[('Burger', 6), ('Steak', 2), ('Fries', 4), ('Chicken', 10)]",644.0,-37.7994124,144.9620601,0,9.85,12.7384219
ORDA07592,2018-06-15,13:24:30,Lunch,BK,"[('Burger', 5), ('Steak', 3), ('Salad', 4)]",358.8,-37.8194075,145.01463,0,4.309,9.7734392
ORDB06135,2018-12-10,17:27:53,Dinner,TP,"[('Fish&Chips', 3), ('Shrimp', 6)]",429.0,-37.8088649,144.9451412,0,9.876,13.6825918
ORDI09201,2018-04-09,11:12:40,Breakfast,NS,"[('Cereal', 4), ('Pancake', 6)]",229.5,-37.8157682,144.9801777,0,8.34,13.694257
ORDA04630,2018-07-07,14:05:04,Lunch,BK,"[('Salad', 4), ('Fries', 10), ('Steak', 1), ('Burger', 6)]",419.8,-37.8143499,144.9870792,0,5.649,14.1621769
ORDY02859,2018-07-01,13:54:55,Lunch,TP,"[('Salad', 7), ('Steak', 9), ('Fries', 6)]",597.4,-37.8184881,144.9677397,0,7.627,12.6114443
ORDX01071,2018-07-05,12:03:22,Lunch,BK,"[('Steak', 10), ('Burger', 7), ('Salad', 6)]",770.2,-37.8072788,144.955356,0,8.252,14.1853314
ORDC03657,2018-08-21,15:36:20,Lunch,NS,"[('Fries', 5), ('Burger', 7), ('Salad', 5), ('Chicken', 1)]",395.0,-37.8199577,144.9684242,0,8.604,14.7718018
ORDI05475,2018-12-22,19:49:51,Dinner,NS,"[('Pasta', 4), ('Shrimp', 1), ('Salmon', 9), ('Fish&Chips', 5)]",708.0,-37.8118378,144.9733504,0,7.496,16.0418283
ORDC09617,2018-01-31,09:00:50,Breakfast,NS,"[('Coffee', 8), ('Cereal', 8), ('Eggs', 5)]",338.0,-37.8212791,144.9671813,0,8.848,13.6981477
ORDC09818,2018-02-15,09:21:07,Breakfast,NS,"[('Eggs', 2), ('Cereal', 10)]",254.0,-37.811942,145.0039821,0,9.919,14.6316212
ORDC00932,2018-10-15,17:27:53,Dinner,NS,"[('Salmon', 6), ('Fish&Chips', 1), ('Shrimp', 8)]",713.0,-37.8132505,145.0001517,0,9.747,16.3184745
ORDZ06690,2018-11-24,18:49:00,Dinner,NS,"[('Pasta', 8), ('Fish&Chips', 7)]",465.0,-37.8138259,144.9399206,0,9.617,17.1001403
ORDA07050,2018-01-15,08:20:16,Breakfast,BK,"[('Pancake', 2), ('Coffee', 3), ('Eggs', 6)]",203.0,-37.8181022,144.9485729,1,9.169,7.221567
ORDX01204,2018-08-27,15:56:37,Lunch,BK,"[('Fries', 1), ('Chicken', 6), ('Salad', 10)]",376.0,-37.8191269,144.9542043,0,8.691,15.0646037
ORDI05901,2018-02-01,09:00:50,Breakfast,NS,"[('Cereal', 3), ('Eggs', 4), ('Coffee', 7), ('Pancake', 10)]",446.0,-37.8206127,144.9793349,0,8.748,13.3551576
ORDB08875,2018-11-03,18:08:27,Dinner,TP,"[('Salmon', 9), ('Pasta', 9), ('Shrimp', 1), ('Fish&Chips', 4)]",810.5,-37.8065065,144.9776081,0,9.65,15.2613222
ORDK05944,2018-09-11,16:16:54,Dinner,BK,"[('Fish&Chips', 9), ('Salmon', 6), ('Shrimp', 8)]",993.0,-37.8094963,144.9637269,0,7.396,13.8276516
ORDB05307,2018-07-07,14:05:04,Lunch,TP,"[('Burger', 4), ('Fries', 7), ('Chicken', 3), ('Salad', 7)]",424.4,-37.8191333,144.9614422,0,7.686,12.5540316
ORDB02154,2018-01-06,08:10:08,Breakfast,TP,"[('Eggs', 10), ('Pancake', 8)]",414.0,-37.8111224,145.0063192,1,11.579,7.2614293
ORDJ07347,2018-01-22,08:40:33,Breakfast,TP,"[('Pancake', 3), ('Eggs', 8), ('Cereal', 8), ('Coffee', 6)]",461.8,-37.8022115,144.9767201,0,9.907,12.4198339
ORDI00839,2018-11-28,18:59:09,Dinner,NS,"[('Fish&Chips', 5), ('Pasta', 8)]",395.0,-37.8204674,144.9663312,0,8.869,14.5948455
ORDX01393,2018-06-14,13:24:30,Lunch,BK,"[('Burger', 2), ('Steak', 5), ('Fries', 6), ('Chicken', 10)]",679.0,-37.8235569,144.9762837,0,7.395,13.6728454
ORDY10472,2018-07-20,14:35:29,Lunch,TP,"[('Burger', 2), ('Steak', 3), ('Salad', 7), ('Chicken', 8), ('Fries', 7)]",657.4,-37.8161253,144.9527318,0,8.728,12.6866303
ORDJ06465,2018-02-03,09:00:50,Breakfast,TP,"[('Coffee', 10), ('Cereal', 2)]",117.0,-37.8233216,144.960685,0,7.674,12.3176427
ORDJ04433,2018-07-14,14:25:21,Lunch,TP,"[('Fries', 9), ('Chicken', 10)]",428.0,-37.81788,145.0081585,0,11.443,15.560823
ORDI01070,2018-04-11,11:12:40,Breakfast,NS,"[('Pancake', 6), ('Cereal', 7)]",292.5,-37.8406925,144.9930568,0,11.753,16.9082707
ORDK08857,2018-05-19,12:33:48,Lunch,BK,"[('Burger', 7), ('Chicken', 7), ('Fries', 6), ('Steak', 9), ('Salad', 5)]",1004.0,-37.8039764,144.9574981,0,8.008,15.959371
ORDK01531,2018-11-23,18:49:00,Dinner,BK,"[('Pasta', 5), ('Shrimp', 2), ('Fish&Chips', 5)]",420.5,-37.8205129,144.9486694,0,9.212,16.0477087
ORDY02230,2018-05-28,12:54:05,Lunch,TP,"[('Burger', 3), ('Steak', 4), ('Chicken', 10)]",593.0,-37.8083001,144.9661292,0,8.929,12.5255922
ORDY09346,2018-03-18,10:32:06,Breakfast,TP,"[('Pancake', 2), ('Coffee', 4), ('Eggs', 9)]",276.5,-37.803274,144.9556341,0,9.523,13.9293244
ORDB00176,2018-04-29,11:53:14,Breakfast,TP,"[('Pancake', 4), ('Eggs', 10)]",317.0,-37.8042124,144.9603782,0,9.24,13.5023897
ORDX06584,2018-09-25,16:47:19,Dinner,BK,"[('Salmon', 1), ('Fish&Chips', 9), ('Pasta', 6)]",521.0,-37.8246293,144.9888236,0,6.569,14.020649
ORDC10737,2018-08-13,15:26:11,Lunch,NS,"[('Chicken', 1), ('Salad', 5)]",118.0,-37.8203816,144.9653528,0,8.871,14.0665606
ORDZ09538,2018-12-17,19:39:43,Dinner,NS,"[('Shrimp', 4), ('Fish&Chips', 4), ('Salmon', 2)]",438.0,-37.8057471,144.9517536,0,8.308,14.0539451
ORDC02228,2018-11-15,18:28:43,Dinner,NS,"[('Fish&Chips', 2), ('Pasta', 4), ('Salmon', 3)]",303.0,-37.8051845,144.9685429,0,6.685,12.6184587
ORDJ03366,2018-04-25,11:43:05,Breakfast,TP,"[('Eggs', 2), ('Cereal', 4), ('Pancake', 2), ('Coffee', 6)]",221.5,-37.8190265,144.9525854,0,8.597,11.8059539
ORDX07193,2018-02-13,09:21:07,Breakfast,BK,"[('Coffee', 4), ('Pancake', 3), ('Cereal', 9), ('Eggs', 2)]",335.8,-37.8029182,144.9281234,0,10.679,15.8252134
ORDJ06379,2018-10-02,09:10:59,Breakfast,TP,"[('Eggs', 3), ('Pancake', 1)]",90.2,-37.8050608,144.9722481,0,9.7,13.4917827
ORDI07704,2018-01-27,08:50:42,Breakfast,NS,"[('Pancake', 7), ('Cereal', 5), ('Eggs', 9), ('Coffee', 7)]",525.2,-37.799333,144.963155,0,6.892,13.9487706
ORDX08492,2018-11-17,18:38:52,Dinner,BK,"[('Shrimp', 5), ('Salmon', 2), ('Fish&Chips', 8)]",632.0,-37.8066805,144.9415551,0,9.616,19.3375122
ORDA03695,2018-03-19,10:32:06,Breakfast,BK,"[('Pancake', 6), ('Cereal', 7)]",292.5,-37.8131603,144.9516,0,8.531,13.4438222
ORDC07171,2018-06-14,13:24:30,Lunch,NS,"[('Salad', 7), ('Burger', 7), ('Fries', 2)]",361.4,-37.8175174,144.9733504,0,8.115,13.5448424
ORDA10854,2018-02-11,09:21:07,Breakfast,BK,"[('Eggs', 6), ('Pancake', 10), ('Cereal', 10)]",584.5,-37.81473,144.9691575,0,7.274,14.8808371
ORDY07706,2018-06-04,13:04:13,Lunch,TP,"[('Steak', 2), ('Salad', 9), ('Fries', 1)]",256.8,-37.8046039,144.9102956,0,12.885,15.3828576
ORDB04134,2018-12-16,19:29:34,Dinner,TP,"[('Shrimp', 5), ('Pasta', 1), ('Salmon', 10), ('Fish&Chips', 10)]",1057.5,-37.8066953,144.9625089,0,8.996,14.6226401
ORDK06054,2018-09-02,16:06:45,Dinner,BK,"[('Salmon', 1), ('Shrimp', 7)]",419.0,-37.8126682,144.9681349,0,7.25,16.6787167
ORDA08728,2018-01-07,08:10:08,Breakfast,BK,"[('Coffee', 6), ('Eggs', 8), ('Pancake', 1), ('Cereal', 4)]",329.2,-37.8123062,144.9375217,1,10.261,8.8873277
ORDX06603,2018-11-10,18:18:35,Dinner,BK,"[('Shrimp', 8), ('Fish&Chips', 3), ('Pasta', 3)]",619.5,-37.799738,144.9573739,0,8.403,17.5351118
