index,order_id,date,time,order_type,branch_code,order_items,order_price,customer_lat,customer_lon,customerHasloyalty?,distance_to_customer_KM,delivery_fee
0,ORDJ00252,2018-12-01,18:59:09,Dinner,TP,"[('Shrimp', 2), ('Pasta', 1)]",135.5,-37.815342,144.9661842,0,8.038,14.297
1,ORDX00429,2018-09-23,16:47:19,Dinner,BK,"[('Fish&Chips', 8), ('Salmon', 9), ('Shrimp', 5)]",919.0,-37.8150656,144.9616574,0,7.926,17.313
2,ORDI05215,2018-05-27,12:43:56,Lunch,NS,"[('Steak', 7), ('Chicken', 9), ('Salad', 5), ('Fries', 6)]",761.0,-37.8234385,144.9792752,0,8.971,8.434
3,ORDK04559,2018-02-21,09:41:24,Breakfast,BK,"[('Cereal', 3), ('Coffee', 5), ('Eggs', 10), ('Pancake', 3)]",393.25,-37.8137051,144.9988923,0,4.513999999999999,9.073
4,ORDA09162,2018-10-10,17:17:44,Dinner,BK,"[('Pasta', 2), ('Fish&Chips', 7), ('Shrimp', 7), ('Salmon', 2)]",760.0,-37.8194102,144.9619622,0,7.992000000000001,15.229
5,ORDB10937,2018-11-02,18:08:27,Dinner,TP,"[('Pasta', 3), ('Shrimp', 2), ('Salmon', 10)]",600.5,-37.8010327,144.9791761,0,10.212,14.421
6,ORDJ02453,2018-10-06,17:07:36,Dinner,TP,"[('Fish&Chips', 7), ('Salmon', 1)]",286.0,-37.8193592,144.983149,0,9.142999999999999,14.39
7,ORDJ00483,2018-10-21,17:38:01,Dinner,TP,"[('Pasta', 3), ('Fish&Chips', 9), ('Shrimp', 9), ('Salmon', 9)]",1252.5,-37.8195721,144.982696,0,9.092,14.594
8,ORDB05015,2018-11-16,18:38:52,Dinner,TP,"[('Shrimp', 1), ('Fish&Chips', 7), ('Salmon', 7)]",586.0,-37.7998114,144.9583424,0,9.783999999999999,13.781
9,ORDZ05129,2018-08-04,15:05:54,Lunch,NS,"[('Burger', 1), ('Chicken', 8)]",287.0,-37.8132769,144.9882693,0,8.787,16.498
10,ORDB03404,2018-01-14,08:20:16,Breakfast,TP,"[('Coffee', 1), ('Pancake', 8), ('Cereal', 4)]",285.5,-37.8096142,144.9711285,1,9.03,6.22
11,ORDB06871,2018-08-17,15:36:20,Lunch,TP,"[('Salad', 4), ('Steak', 1), ('Burger', 5), ('Chicken', 1)]",300.8,-37.8092805,144.9320471,0,10.895999999999999,14.311
12,ORDY04674,2018-09-10,16:16:54,Dinner,TP,"[('Fish&Chips', 9), ('Pasta', 10)]",590.0,-37.8101377,144.9965834,0,10.735999999999999,14.98
13,ORDJ06928,2018-08-15,15:26:11,Lunch,TP,"[('Burger', 5), ('Steak', 5), ('Salad', 6), ('Fries', 3), ('Chicken', 8)]",775.2,-37.8084589,144.9785084,0,9.384,12.745
14,ORDC01352,2018-03-23,10:42:15,Breakfast,NS,"[('Coffee', 6), ('Cereal', 7), ('Pancake', 5)]",313.25,-37.8006576,144.9577659,0,7.306,12.705
15,ORDK10757,2018-09-23,16:47:19,Dinner,BK,"[('Pasta', 3), ('Salmon', 7), ('Shrimp', 4), ('Fish&Chips', 3)]",690.5,-37.8150656,144.9616574,0,7.926,17.619
16,ORDX09520,2018-08-05,15:05:54,Lunch,BK,"[('Salad', 10), ('Burger', 4)]",296.0,-37.8030948,144.9494928,0,8.738999999999999,17.452
17,ORDZ08068,2018-04-29,11:53:14,Breakfast,NS,"[('Eggs', 7), ('Pancake', 10), ('Cereal', 9)]",585.5,-37.8157899,144.9869135,0,8.922,15.883
18,ORDK09927,2018-03-31,10:52:23,Breakfast,BK,"[('Coffee', 4), ('Cereal', 10)]",240.0,-37.8177112,144.9670334,0,7.471,14.494
19,ORDA09058,2018-03-23,10:42:15,Breakfast,BK,"[('Coffee', 3), ('Cereal', 1), ('Eggs', 8), ('Pancake', 8)]",413.5,-37.819997,144.9853336,0,6.28,10.903
20,ORDY09269,2018-12-20,19:39:43,Dinner,TP,"[('Pasta', 6), ('Salmon', 4)]",329.0,-37.8206578,144.9559141,0,8.109,11.622
21,ORDK07571,2018-03-01,09:51:32,Breakfast,BK,"[('Eggs', 6), ('Cereal', 7), ('Pancake', 8), ('Coffee', 5)]",510.5,-37.815709,145.0126153,0,4.022,8.78
22,ORDJ03930,2018-08-06,15:05:54,Lunch,TP,"[('Salad', 7), ('Chicken', 4)]",248.4,-37.8122489,144.9886568,0,9.851,13.39
23,ORDZ03666,2018-04-27,11:43:05,Breakfast,NS,"[('Coffee', 6), ('Eggs', 10), ('Cereal', 10), ('Pancake', 3)]",547.75,-37.8134421,144.9654215,0,7.849,12.202
24,ORDX07908,2018-10-14,17:27:53,Dinner,BK,"[('Pasta', 3), ('Salmon', 4), ('Fish&Chips', 7), ('Shrimp', 7)]",869.5,-37.8060123,144.9560517,0,8.058,17.756
25,ORDY06872,2018-01-16,08:30:25,Breakfast,TP,"[('Coffee', 6), ('Cereal', 2), ('Eggs', 3)]",153.0,-37.8094359,144.9643648,1,8.702,6.04
26,ORDX02902,2018-01-05,08:00:00,Breakfast,BK,"[('Cereal', 6), ('Coffee', 1), ('Pancake', 3)]",206.25,-37.8028551,144.9363858,1,10.323,7.83
27,ORDK04437,2018-05-04,12:03:22,Lunch,BK,"[('Burger', 7), ('Steak', 8), ('Salad', 3), ('Chicken', 9), ('Fries', 1)]",928.6,-37.800365,144.9356092,0,12.234000000000002,18.002
28,ORDY00570,2018-01-11,08:20:16,Breakfast,TP,"[('Coffee', 1), ('Cereal', 4)]",91.5,-37.8152352,144.9635467,1,7.9,5.114
29,ORDB08708,2018-10-12,17:27:53,Dinner,TP,"[('Salmon', 2), ('Pasta', 10), ('Shrimp', 8)]",789.0,-37.8180999,144.9694137,0,7.84,12.691
30,ORDX06567,2018-09-01,16:06:45,Dinner,BK,"[('Salmon', 6), ('Fish&Chips', 8), ('Shrimp', 6)]",850.0,-37.8169814,144.9532264,0,8.664,18.173
31,ORDK09406,2018-08-06,15:05:54,Lunch,BK,"[('Fries', 8), ('Steak', 2), ('Burger', 10), ('Salad', 5)]",582.0,-37.8122053,144.9884496,0,5.372000000000001,11.662
32,ORDK06005,2018-04-23,11:43:05,Breakfast,BK,"[('Cereal', 8), ('Pancake', 4), ('Coffee', 7)]",317.5,-37.8187378,144.9532413,0,8.812999999999999,13.551
33,ORDI01329,2018-10-02,17:07:36,Dinner,NS,"[('Fish&Chips', 2), ('Shrimp', 5), ('Pasta', 9), ('Salmon', 4)]",751.5,-37.8189,144.9538423,0,9.182,15.377
34,ORDY06857,2018-03-16,10:21:58,Breakfast,TP,"[('Cereal', 9), ('Pancake', 7)]",358.75,-37.8077636,144.9425253,0,10.134,19.002
35,ORDJ03290,2018-11-05,18:08:27,Dinner,TP,"[('Pasta', 8), ('Fish&Chips', 1), ('Shrimp', 6), ('Salmon', 6)]",825.0,-37.8193708,144.9818883,0,8.961,6.424
36,ORDA09901,2018-11-24,18:49:00,Dinner,BK,"[('Shrimp', 1), ('Pasta', 8)]",274.0,-37.8135389,144.9403554,0,9.672,18.955
37,ORDK07226,2018-09-11,16:27:02,Dinner,BK,"[('Salmon', 1), ('Shrimp', 2), ('Pasta', 3)]",231.5,-37.8085022,144.9680061,0,7.002999999999999,14.112
38,ORDB07856,2018-03-20,10:32:06,Breakfast,TP,"[('Pancake', 10), ('Coffee', 4), ('Eggs', 4), ('Cereal', 7)]",507.5,-37.810072,144.9576654,0,8.887,11.378
39,ORDA03561,2018-07-08,14:15:12,Lunch,BK,"[('Fries', 5), ('Burger', 10), ('Chicken', 5)]",530.0,-37.819881,144.9612829,0,8.066,16.502
40,ORDZ07237,2018-01-14,08:20:16,Breakfast,NS,"[('Pancake', 6), ('Eggs', 8), ('Cereal', 2)]",363.5,-37.8083333,144.9351746,1,10.161,8.053
41,ORDI02519,2018-12-13,19:29:34,Dinner,NS,"[('Shrimp', 10), ('Fish&Chips', 3), ('Salmon', 2)]",727.0,-37.8004946,144.9583439,0,7.282,12.727
42,ORDY08167,2018-03-28,10:42:15,Breakfast,TP,"[('Pancake', 7), ('Coffee', 8), ('Eggs', 3)]",295.75,-37.8068504,144.9595236,0,9.058,11.788
43,ORDI03667,2018-07-19,14:35:29,Lunch,NS,"[('Steak', 2), ('Fries', 2)]",114.0,-37.8101994,145.0161948,0,10.83,16.597
44,ORDZ01004,2018-03-10,10:11:49,Breakfast,NS,"[('Coffee', 5), ('Eggs', 8), ('Cereal', 5), ('Pancake', 9)]",536.75,-37.8233588,144.9785671,0,8.908999999999999,16.263
45,ORDK04215,2018-10-31,17:58:18,Dinner,BK,"[('Salmon', 7), ('Shrimp', 2), ('Pasta', 2)]",450.0,-37.8067273,144.9379718,0,9.796,17.314
46,ORDJ01905,2018-09-07,16:16:54,Dinner,TP,"[('Salmon', 9), ('Pasta', 8), ('Fish&Chips', 1)]",624.0,-37.8207429,144.9766098,0,8.547,12.445
47,ORDC00658,2018-04-14,11:22:49,Breakfast,NS,"[('Pancake', 4), ('Eggs', 10)]",317.0,-37.8179881,144.9940972,0,9.594,16.718
48,ORDZ05325,2018-02-27,09:51:32,Breakfast,NS,"[('Coffee', 1), ('Eggs', 10), ('Pancake', 10), ('Cereal', 7)]",617.0,-37.8223696,144.9677097,0,8.934,14.02
49,ORDK02735,2018-12-18,19:39:43,Dinner,BK,"[('Shrimp', 4), ('Salmon', 4)]",380.0,-37.8099896,144.9477885,0,8.991,15.957
50,ORDC05057,2018-04-20,11:32:57,Breakfast,NS,"[('Pancake', 7), ('Cereal', 10), ('Eggs', 9), ('Coffee', 6)]",622.75,-37.8048531,144.9252837,0,10.765,23.587
51,ORDK06286,2018-12-11,19:19:26,Dinner,BK,"[('Salmon', 6), ('Pasta', 6), ('Shrimp', 6), ('Fish&Chips', 5)]",910.0,-37.8207343,144.9488209,0,9.202,16.372
52,ORDY01513,2018-01-13,08:20:16,Breakfast,TP,"[('Eggs', 5), ('Cereal', 4), ('Coffee', 9)]",261.5,-37.8180212,144.9668544,1,7.6370000000000005,6.012
53,ORDY06047,2018-04-25,11:43:05,Breakfast,TP,"[('Coffee', 1), ('Eggs', 4), ('Pancake', 7)]",265.25,-37.8188887,144.9531262,0,8.529,11.444
54,ORDY05424,2018-07-20,14:35:29,Lunch,TP,"[('Fries', 4), ('Chicken', 2), ('Salad', 2)]",146.4,-37.8223897,144.9551443,0,8.242,11.562
55,ORDI09227,2018-06-30,13:54:55,Lunch,NS,"[('Salad', 5), ('Fries', 3), ('Burger', 8)]",370.0,-37.812284,144.9385832,0,9.812000000000001,17.205
56,ORDA02562,2018-01-14,08:20:16,Breakfast,BK,"[('Coffee', 1), ('Cereal', 3), ('Eggs', 7)]",224.5,-37.8183272,144.9486386,1,9.184,7.764
57,ORDY00595,2018-07-23,14:45:38,Lunch,TP,"[('Burger', 9), ('Salad', 4), ('Steak', 6), ('Chicken', 2), ('Fries', 4)]",729.8,-37.8238164,145.0094445,0,11.349,7.129
58,ORDJ06904,2018-08-12,15:26:11,Lunch,TP,"[('Fries', 7), ('Chicken', 4), ('Burger', 3)]",305.0,-37.8135759,144.9642308,0,8.315,13.18
59,ORDJ06036,2018-06-02,13:04:13,Lunch,TP,"[('Chicken', 6), ('Fries', 1), ('Burger', 7), ('Steak', 2)]",511.0,-37.8181408,144.9651122,0,7.534,13.297
60,ORDX01421,2018-07-20,14:35:29,Lunch,BK,"[('Fries', 10), ('Burger', 3), ('Salad', 9), ('Chicken', 3)]",463.8,-37.8202705,144.9896737,0,5.912999999999999,5.63
61,ORDK08751,2018-08-20,15:36:20,Lunch,BK,"[('Fries', 7), ('Steak', 10)]",534.0,-37.8043283,144.9498942,0,8.713,14.892
62,ORDX03558,2018-03-12,10:11:49,Breakfast,BK,"[('Cereal', 4), ('Eggs', 5)]",194.0,-37.8175238,144.9683659,0,7.792999999999999,12.163
63,ORDK04036,2018-09-20,16:37:10,Dinner,BK,"[('Pasta', 9), ('Shrimp', 3)]",409.5,-37.8144094,145.0144348,0,4.436,11.059
64,ORDA03650,2018-10-30,17:58:18,Dinner,BK,"[('Shrimp', 4), ('Salmon', 4), ('Pasta', 7)]",572.5,-37.8111253,144.9369556,0,10.035,17.423
65,ORDX10711,2018-07-06,14:05:04,Lunch,BK,"[('Fries', 5), ('Chicken', 2), ('Salad', 4), ('Steak', 7), ('Burger', 3)]",600.8,-37.8053403,144.9370329,0,9.853,15.587
66,ORDZ05990,2018-02-25,09:41:24,Breakfast,NS,"[('Pancake', 10), ('Eggs', 3), ('Cereal', 3)]",371.5,-37.8164124,144.9558028,0,8.736,15.747
67,ORDJ07875,2018-05-28,12:54:05,Lunch,TP,"[('Fries', 1), ('Burger', 7), ('Chicken', 5), ('Steak', 3), ('Salad', 7)]",644.4,-37.8088656,144.9541855,0,9.089,12.582
68,ORDX09140,2018-05-17,12:23:39,Lunch,BK,"[('Salad', 10), ('Fries', 1), ('Steak', 3), ('Chicken', 10)]",639.0,-37.7989639,144.9517413,0,8.874,14.892
69,ORDA06208,2018-04-01,10:52:23,Breakfast,BK,"[('Eggs', 6), ('Coffee', 6)]",177.0,-37.8194601,144.9792761,0,7.24,14.878
70,ORDB08572,2018-03-30,10:52:23,Breakfast,TP,"[('Coffee', 6), ('Eggs', 5), ('Pancake', 9)]",373.25,-37.8081012,144.9603222,0,8.758,5.419
71,ORDC09241,2018-06-26,13:44:47,Lunch,NS,"[('Fries', 3), ('Steak', 7)]",351.0,-37.8253186,144.9846313,0,9.575,15.171
72,ORDB03890,2018-09-06,16:16:54,Dinner,TP,"[('Shrimp', 7), ('Pasta', 9), ('Fish&Chips', 8), ('Salmon', 3)]",1028.5,-37.8128773,144.9372702,0,10.595,14.778
73,ORDZ10061,2018-09-20,16:37:10,Dinner,NS,"[('Pasta', 10), ('Shrimp', 8), ('Salmon', 9)]",1076.0,-37.8143577,144.9548499,0,8.513,14.582
74,ORDZ04923,2018-05-24,12:43:56,Lunch,NS,"[('Fries', 1), ('Burger', 8), ('Steak', 4)]",440.0,-37.8029941,144.9579155,0,7.556,13.132
75,ORDC10467,2018-05-26,12:43:56,Lunch,NS,"[('Chicken', 8), ('Fries', 3)]",292.0,-37.8010442,145.008336,0,9.875,17.34
76,ORDY06465,2018-07-07,14:05:04,Lunch,TP,"[('Salad', 10), ('Fries', 7), ('Steak', 5)]",481.0,-37.8191333,144.9614422,0,7.686,12.562
77,ORDX06812,2018-08-18,15:36:20,Lunch,BK,"[('Salad', 5), ('Fries', 3), ('Chicken', 8), ('Burger', 3)]",471.0,-37.8096921,145.0034029,0,3.9419999999999997,12.374
78,ORDI02842,2018-02-10,09:21:07,Breakfast,NS,"[('Eggs', 9), ('Cereal', 2), ('Pancake', 7)]",409.75,-37.8087126,144.9663936,0,7.154,14.172
79,ORDJ03321,2018-05-22,12:33:48,Lunch,TP,"[('Steak', 2), ('Salad', 1), ('Chicken', 1), ('Fries', 6), ('Burger', 5)]",366.2,-37.8072521,144.9453412,0,10.05,13.417
80,ORDA07147,2018-07-19,14:35:29,Lunch,BK,"[('Chicken', 5), ('Burger', 7), ('Steak', 9), ('Salad', 5), ('Fries', 2)]",892.0,-37.8098434,145.0159266,0,4.169,10.415
81,ORDI06080,2018-07-04,14:05:04,Lunch,NS,"[('Steak', 4), ('Salad', 3), ('Fries', 4)]",279.6,-37.8217037,145.0095335,0,11.222000000000001,15.968
82,ORDI10319,2018-04-17,11:32:57,Breakfast,NS,"[('Eggs', 2), ('Pancake', 6), ('Cereal', 1)]",210.5,-37.824603,144.9456639,0,10.386,15.047
83,ORDI09345,2018-11-18,18:38:52,Dinner,NS,"[('Salmon', 1), ('Fish&Chips', 6), ('Pasta', 2), ('Shrimp', 2)]",414.0,-37.8137364,144.936811,0,10.179,27.202
84,ORDK04793,2018-09-04,16:06:45,Dinner,BK,"[('Fish&Chips', 3), ('Salmon', 5), ('Pasta', 1)]",337.5,-37.8027797,144.9560465,0,8.326,15.546
85,ORDC02198,2018-01-20,08:30:25,Breakfast,NS,"[('Pancake', 10), ('Cereal', 6), ('Coffee', 6)]",413.5,-37.8068551,144.9583409,0,7.79,7.452
86,ORDJ07759,2018-07-04,14:05:04,Lunch,TP,"[('Burger', 2), ('Salad', 8), ('Fries', 5)]",259.6,-37.8042179,145.0025721,0,11.774000000000001,14.852
87,ORDA09265,2018-03-28,10:52:23,Breakfast,BK,"[('Pancake', 4), ('Eggs', 9), ('Cereal', 3)]",358.0,-37.8127534,144.9641688,0,7.627999999999999,12.491
88,ORDA04210,2018-04-04,11:02:32,Breakfast,BK,"[('Pancake', 8), ('Cereal', 1), ('Coffee', 1), ('Eggs', 2)]",266.5,-37.8180095,144.9649241,0,7.7989999999999995,13.05
89,ORDJ03879,2018-02-14,09:21:07,Breakfast,TP,"[('Coffee', 7), ('Pancake', 10), ('Cereal', 9)]",484.0,-37.8113305,144.9629945,0,8.494,11.363
90,ORDZ10232,2018-01-31,09:00:50,Breakfast,NS,"[('Cereal', 2), ('Eggs', 6)]",174.0,-37.8003064,144.9515128,0,7.945,12.548
91,ORDK08896,2018-02-27,09:51:32,Breakfast,BK,"[('Eggs', 7), ('Coffee', 6), ('Cereal', 2), ('Pancake', 4)]",338.0,-37.8219393,144.972439,0,8.085,12.431
92,ORDX10367,2018-12-23,19:49:51,Dinner,BK,"[('Shrimp', 3), ('Pasta', 6), ('Fish&Chips', 8)]",607.0,-37.8194991,145.0042315,0,4.633,14.051
93,ORDZ09768,2018-01-21,08:30:25,Breakfast,NS,"[('Pancake', 6), ('Eggs', 1), ('Cereal', 8)]",335.5,-37.8025034,144.9674279,0,6.605,13.649
94,ORDA02215,2018-02-03,09:00:50,Breakfast,BK,"[('Coffee', 4), ('Eggs', 2), ('Pancake', 1)]",98.25,-37.8231884,144.9607959,0,8.42,15.775
95,ORDY00790,2018-05-07,12:03:22,Lunch,TP,"[('Chicken', 1), ('Fries', 9), ('Burger', 7), ('Steak', 1)]",402.0,-37.8060933,144.9544511,0,9.368,13.408
96,ORDI10027,2018-08-01,14:55:46,Lunch,NS,"[('Burger', 4), ('Chicken', 4), ('Salad', 8), ('Fries', 10), ('Steak', 5)]",734.6,-37.7985773,144.9807351,0,7.268,12.915
97,ORDI01603,2018-03-18,10:32:06,Breakfast,NS,"[('Coffee', 10), ('Eggs', 4), ('Pancake', 8), ('Cereal', 2)]",399.0,-37.8117797,144.9634761,0,7.716,14.832
98,ORDC03376,2018-05-03,12:03:22,Lunch,NS,"[('Chicken', 5), ('Salad', 4), ('Fries', 4)]",276.8,-37.8039928,145.0016939,0,9.231,22.11
99,ORDX00379,2018-08-26,15:46:28,Lunch,BK,"[('Salad', 5), ('Steak', 10), ('Fries', 8), ('Burger', 5), ('Chicken', 2)]",851.0,-37.8118158,144.9669124,0,7.332000000000001,15.703
100,ORDI10519,2018-04-28,11:53:14,Breakfast,NS,"[('Coffee', 3), ('Eggs', 2), ('Cereal', 7)]",213.5,-37.8026649,144.9557873,0,7.662000000000001,15.546
101,ORDC08074,2018-06-18,13:34:38,Lunch,NS,"[('Chicken', 5), ('Salad', 4), ('Burger', 9), ('Steak', 5)]",732.8,-37.8131308,144.9739422,0,7.652,13.801
102,ORDK07210,2018-07-31,14:55:46,Lunch,BK,"[('Fries', 6), ('Burger', 5), ('Chicken', 9), ('Steak', 3)]",650.0,-37.8110272,144.9900001,0,5.122000000000001,10.276
103,ORDC00764,2018-07-26,14:45:38,Lunch,NS,"[('Chicken', 2), ('Salad', 7), ('Fries', 5), ('Burger', 4)]",368.4,-37.8020841,144.960526,0,7.167000000000001,12.673
104,ORDI09543,2018-11-14,18:28:43,Dinner,NS,"[('Fish&Chips', 10), ('Salmon', 9)]",719.0,-37.7908183,144.9857929,0,8.469,14.297
105,ORDA06924,2018-03-02,09:51:32,Breakfast,BK,"[('Coffee', 8), ('Eggs', 9), ('Pancake', 2), ('Cereal', 7)]",453.5,-37.8185383,144.9911937,0,5.636,10.075
106,ORDZ06834,2018-12-17,19:39:43,Dinner,NS,"[('Shrimp', 1), ('Salmon', 8)]",382.0,-37.8215822,144.9360209,0,10.523,16.993
107,ORDJ07114,2018-04-30,11:53:14,Breakfast,TP,"[('Coffee', 7), ('Pancake', 7)]",222.25,-37.7996745,144.9553232,0,9.827,12.662
108,ORDY00396,2018-02-12,09:21:07,Breakfast,TP,"[('Cereal', 3), ('Coffee', 4), ('Eggs', 5), ('Pancake', 4)]",300.0,-37.8050914,144.9280168,0,11.364,13.828
109,ORDB00978,2018-02-13,09:21:07,Breakfast,TP,"[('Eggs', 2), ('Coffee', 5), ('Cereal', 6), ('Pancake', 9)]",425.75,-37.8239868,144.9438653,0,9.155,11.435
110,ORDI10512,2018-08-13,15:26:11,Lunch,NS,"[('Burger', 5), ('Chicken', 4), ('Steak', 5), ('Fries', 10)]",628.0,-37.8203816,144.9653528,0,8.871,14.351
111,ORDX08425,2018-05-14,12:23:39,Lunch,BK,"[('Steak', 8), ('Chicken', 7), ('Salad', 3), ('Burger', 2)]",697.6,-37.8014528,145.0068826,0,4.648,5.051
112,ORDJ05870,2018-04-20,11:32:57,Breakfast,TP,"[('Pancake', 1), ('Eggs', 9), ('Cereal', 4), ('Coffee', 10)]",381.25,-37.8024434,144.9445601,0,10.333,6.214
113,ORDJ03409,2018-09-04,16:06:45,Dinner,TP,"[('Fish&Chips', 10), ('Pasta', 9), ('Shrimp', 5)]",867.5,-37.7997727,144.9493612,0,10.338,14.556
114,ORDI04133,2018-01-18,08:30:25,Breakfast,NS,"[('Eggs', 2), ('Pancake', 4), ('Cereal', 2), ('Coffee', 8)]",243.0,-37.824645,144.9445563,1,10.52,7.335
115,ORDC10086,2018-02-04,09:00:50,Breakfast,NS,"[('Eggs', 10), ('Coffee', 6)]",265.0,-37.7995101,144.9625714,0,6.872999999999999,13.951
116,ORDK06015,2018-12-05,19:09:17,Dinner,BK,"[('Fish&Chips', 1), ('Pasta', 2)]",90.0,-37.8186429,144.9553319,0,8.584,15.673
117,ORDY03452,2018-05-21,12:33:48,Lunch,TP,"[('Chicken', 4), ('Fries', 6), ('Burger', 8), ('Salad', 4)]",516.8,-37.8069488,144.9451511,0,10.095,13.302
118,ORDY00609,2018-10-15,17:27:53,Dinner,TP,"[('Salmon', 6), ('Shrimp', 7), ('Pasta', 10)]",899.0,-37.8141624,144.9940968,0,10.397,14.104
119,ORDI10343,2018-12-02,19:09:17,Dinner,NS,"[('Fish&Chips', 9), ('Salmon', 6)]",561.0,-37.8231533,144.9623636,0,9.318,17.361
120,ORDZ10492,2018-08-27,15:56:37,Lunch,NS,"[('Burger', 2), ('Salad', 9), ('Chicken', 9)]",504.8,-37.8170623,144.953157,0,8.966000000000001,15.137
121,ORDK05812,2018-01-07,08:10:08,Breakfast,BK,"[('Pancake', 3), ('Cereal', 6)]",198.75,-37.8122119,144.9370288,1,10.218,8.908
122,ORDI03557,2018-01-19,08:30:25,Breakfast,NS,"[('Pancake', 6), ('Cereal', 8)]",313.5,-37.8143214,144.9380749,1,9.808,7.487
123,ORDC02665,2018-01-31,08:50:42,Breakfast,NS,"[('Cereal', 4), ('Coffee', 8)]",144.0,-37.8003449,144.9831805,0,7.346,12.347
124,ORDI03828,2018-11-27,18:59:09,Dinner,NS,"[('Fish&Chips', 10), ('Shrimp', 6)]",674.0,-37.8161419,144.9454762,0,9.293,14.885
125,ORDI04415,2018-05-02,11:53:14,Breakfast,NS,"[('Eggs', 5), ('Cereal', 10)]",320.0,-37.8058079,144.9460617,0,8.818999999999999,13.882
126,ORDY10339,2018-08-30,15:56:37,Lunch,TP,"[('Burger', 3), ('Fries', 1), ('Salad', 8)]",242.6,-37.8227036,144.9640081,0,7.531000000000001,11.409
127,ORDC01182,2018-09-08,16:16:54,Dinner,NS,"[('Salmon', 1), ('Shrimp', 4), ('Fish&Chips', 10)]",607.0,-37.8157298,144.9380366,0,9.902000000000001,17.586
128,ORDA04833,2018-07-14,14:25:21,Lunch,BK,"[('Fries', 9), ('Chicken', 5), ('Steak', 4)]",448.0,-37.8186836,144.9996685,0,4.916,13.503
129,ORDK10130,2018-01-24,08:40:33,Breakfast,BK,"[('Pancake', 10), ('Eggs', 5)]",352.5,-37.8014061,144.9547701,0,8.506,6.654
130,ORDI01350,2018-11-27,18:59:09,Dinner,NS,"[('Salmon', 6), ('Pasta', 4), ('Fish&Chips', 2), ('Shrimp', 9)]",912.0,-37.8165505,145.0093423,0,10.821,16.774
131,ORDX05736,2018-10-18,17:38:01,Dinner,BK,"[('Pasta', 9), ('Salmon', 1), ('Shrimp', 5)]",558.5,-37.8011258,144.9514057,0,8.692,15.749
132,ORDJ10072,2018-01-14,08:20:16,Breakfast,TP,"[('Cereal', 4), ('Pancake', 2), ('Eggs', 2), ('Coffee', 3)]",199.0,-37.8020875,144.9497184,1,10.05,6.805
133,ORDX02768,2018-12-26,19:49:51,Dinner,BK,"[('Pasta', 10), ('Shrimp', 6)]",599.0,-37.8117454,144.9564037,0,8.085,15.281
134,ORDJ10829,2018-09-24,16:47:19,Dinner,TP,"[('Fish&Chips', 8), ('Shrimp', 3), ('Salmon', 4), ('Pasta', 6)]",771.0,-37.8020696,144.9843449,0,10.5,14.349
135,ORDC08046,2018-03-22,10:32:06,Breakfast,NS,"[('Eggs', 2), ('Coffee', 10)]",119.0,-37.8174039,144.9619702,0,8.556000000000001,13.506
136,ORDJ02520,2018-01-29,08:50:42,Breakfast,TP,"[('Cereal', 3), ('Pancake', 2), ('Coffee', 7)]",164.0,-37.8030569,144.9696103,0,9.669,12.299
137,ORDA08829,2018-05-21,12:33:48,Lunch,BK,"[('Steak', 5), ('Fries', 2), ('Burger', 7)]",466.0,-37.817032,144.9650712,0,7.649,19.763
138,ORDB06785,2018-12-14,19:29:34,Dinner,TP,"[('Shrimp', 3), ('Fish&Chips', 3)]",267.0,-37.8196162,145.0159077,0,12.795,16.171
139,ORDY00889,2018-04-17,11:32:57,Breakfast,TP,"[('Cereal', 9), ('Pancake', 8)]",383.0,-37.8135886,144.9751268,0,8.642999999999999,10.935
140,ORDY07083,2018-03-02,09:51:32,Breakfast,TP,"[('Pancake', 3), ('Cereal', 10), ('Coffee', 10), ('Eggs', 7)]",511.75,-37.8181821,144.9916536,0,9.95,12.65
141,ORDA06786,2018-06-22,13:44:47,Lunch,BK,"[('Salad', 3), ('Fries', 7), ('Chicken', 1)]",167.6,-37.8104218,145.0138047,0,4.086,9.317
142,ORDB10537,2018-11-28,18:59:09,Dinner,TP,"[('Pasta', 3), ('Fish&Chips', 7), ('Salmon', 1)]",368.5,-37.8094472,144.9725884,0,9.1,13.158
143,ORDJ07641,2018-07-20,14:35:29,Lunch,TP,"[('Fries', 2), ('Burger', 5)]",179.0,-37.8223897,144.9551443,0,8.242,11.772
144,ORDX06640,2018-04-18,11:32:57,Breakfast,BK,"[('Pancake', 3), ('Cereal', 1), ('Eggs', 7), ('Coffee', 10)]",322.75,-37.8175358,144.9683719,0,7.792999999999999,12.182
145,ORDZ00168,2018-06-16,13:24:30,Lunch,NS,"[('Salad', 3), ('Fries', 6), ('Chicken', 2)]",187.6,-37.8124253,144.9987884,0,9.549,17.466
146,ORDK09362,2018-08-11,15:16:03,Lunch,BK,"[('Salad', 4), ('Chicken', 5)]",228.8,-37.8090287,144.9426335,0,9.732999999999999,18.4
147,ORDA01588,2018-01-07,08:10:08,Breakfast,BK,"[('Eggs', 2), ('Pancake', 1)]",68.25,-37.8133334,144.9375814,1,10.13,9.052
148,ORDI02213,2018-06-28,13:54:55,Lunch,NS,"[('Fries', 4), ('Salad', 4)]",116.8,-37.8120344,144.9492301,0,8.798,14.015
149,ORDA07573,2018-10-19,17:38:01,Dinner,BK,"[('Salmon', 8), ('Fish&Chips', 6), ('Pasta', 4)]",648.0,-37.8187135,144.9670491,0,7.606,13.665
150,ORDI00275,2018-06-13,13:24:30,Lunch,NS,"[('Chicken', 8), ('Steak', 9), ('Fries', 10), ('Salad', 9), ('Burger', 8)]",1183.8,-37.8243262,144.9554548,0,10.3,16.225
151,ORDK10639,2018-03-17,10:21:58,Breakfast,BK,"[('Coffee', 4), ('Cereal', 10)]",240.0,-37.8074851,144.9421481,0,9.557,16.407
152,ORDZ06755,2018-03-01,09:51:32,Breakfast,NS,"[('Eggs', 2), ('Pancake', 2)]",92.5,-37.8201205,144.9400868,0,10.089,14.952
153,ORDX04474,2018-04-17,11:32:57,Breakfast,BK,"[('Cereal', 8), ('Coffee', 3), ('Eggs', 6)]",322.5,-37.8214542,144.9473652,0,9.38,14.043
154,ORDI06403,2018-08-07,15:16:03,Lunch,NS,"[('Salad', 5), ('Burger', 5), ('Fries', 6), ('Chicken', 1)]",345.0,-37.8093099,144.9526406,0,8.385,6.892
155,ORDZ03942,2018-02-12,09:21:07,Breakfast,NS,"[('Coffee', 9), ('Pancake', 7), ('Cereal', 8), ('Eggs', 2)]",449.25,-37.815865,144.9731491,0,7.952999999999999,12.809
156,ORDA09037,2018-02-28,09:51:32,Breakfast,BK,"[('Eggs', 3), ('Coffee', 9), ('Cereal', 6), ('Pancake', 4)]",356.5,-37.8126689,145.0002816,0,4.2780000000000005,9.239
157,ORDI04857,2018-09-09,16:16:54,Dinner,NS,"[('Fish&Chips', 6), ('Salmon', 3)]",333.0,-37.7952931,144.9310355,0,11.112,19.059
158,ORDI02398,2018-11-02,18:08:27,Dinner,NS,"[('Shrimp', 6), ('Salmon', 6), ('Fish&Chips', 1)]",605.0,-37.8180514,144.9694604,0,8.546,15.214
159,ORDA03974,2018-07-25,14:45:38,Lunch,BK,"[('Fries', 3), ('Steak', 8), ('Salad', 5)]",482.0,-37.8208848,144.962045,0,8.123,14.146
160,ORDC03144,2018-10-20,17:38:01,Dinner,NS,"[('Fish&Chips', 1), ('Salmon', 1)]",76.0,-37.8155774,144.9823836,0,8.506,8.185
161,ORDA02866,2018-09-17,16:37:10,Dinner,BK,"[('Fish&Chips', 9), ('Pasta', 4)]",425.0,-37.8108771,144.9515403,0,8.599,15.995
162,ORDB03951,2018-07-12,14:25:21,Lunch,TP,"[('Salad', 9), ('Burger', 10)]",464.8,-37.8223746,144.947751,0,8.861,12.346
163,ORDA03776,2018-09-01,16:06:45,Dinner,BK,"[('Salmon', 10), ('Shrimp', 9)]",896.0,-37.8150115,144.9601599,0,8.013,17.067
164,ORDK04836,2018-05-22,12:33:48,Lunch,BK,"[('Burger', 8), ('Steak', 8), ('Fries', 2), ('Chicken', 8)]",888.0,-37.8238612,144.9547995,0,8.879,15.027
165,ORDY10453,2018-11-23,18:49:00,Dinner,TP,"[('Pasta', 1), ('Fish&Chips', 4), ('Shrimp', 2)]",275.5,-37.8195048,144.9424987,0,9.524,13.942
166,ORDJ06143,2018-08-27,15:56:37,Lunch,TP,"[('Steak', 7), ('Fries', 10), ('Burger', 6)]",621.0,-37.8170198,144.9533067,0,8.606,11.907
167,ORDK07569,2018-02-14,09:21:07,Breakfast,BK,"[('Eggs', 10), ('Pancake', 4), ('Cereal', 6)]",443.0,-37.8248666,144.9915759,0,6.7620000000000005,11.882
168,ORDZ09087,2018-11-04,18:08:27,Dinner,NS,"[('Shrimp', 3), ('Salmon', 5), ('Fish&Chips', 10)]",717.0,-37.8114653,144.9528619,0,8.475,17.078
169,ORDX08709,2018-03-01,09:51:32,Breakfast,BK,"[('Coffee', 10), ('Pancake', 2), ('Cereal', 7), ('Eggs', 5)]",380.5,-37.8063852,145.0100327,0,3.885,8.574
170,ORDY04419,2018-05-18,12:33:48,Lunch,TP,"[('Chicken', 9), ('Salad', 5), ('Burger', 10)]",684.0,-37.8009705,144.9567062,0,9.624,12.775
171,ORDC02546,2018-07-19,14:35:29,Lunch,NS,"[('Burger', 5), ('Steak', 6), ('Fries', 1), ('Chicken', 10), ('Salad', 10)]",929.0,-37.80061,144.9739192,0,6.475,11.62
172,ORDA05851,2018-12-30,20:00:00,Dinner,BK,"[('Salmon', 9), ('Pasta', 9)]",616.5,-37.8154849,144.9377978,0,9.984,19.749
173,ORDX06991,2018-03-27,10:42:15,Breakfast,BK,"[('Cereal', 2), ('Pancake', 7), ('Coffee', 1), ('Eggs', 2)]",263.25,-37.8108108,145.0111515,0,4.0569999999999995,8.885
174,ORDJ10223,2018-07-22,14:35:29,Lunch,TP,"[('Chicken', 10), ('Burger', 2), ('Salad', 6), ('Steak', 3)]",620.2,-37.8202485,144.9573102,0,7.977,13.0
175,ORDI01563,2018-10-26,17:48:10,Dinner,NS,"[('Shrimp', 9), ('Salmon', 3), ('Fish&Chips', 3)]",714.0,-37.8069141,144.998466,0,9.062999999999999,15.375
176,ORDK09282,2018-08-08,15:16:03,Lunch,BK,"[('Steak', 3), ('Salad', 2)]",169.4,-37.8029968,144.9494294,0,8.756,14.379
177,ORDY08922,2018-10-25,17:48:10,Dinner,TP,"[('Shrimp', 2), ('Pasta', 6), ('Fish&Chips', 9)]",588.0,-37.8204838,144.9661266,0,7.412000000000001,11.72
178,ORDK04726,2018-01-25,08:40:33,Breakfast,BK,"[('Pancake', 4), ('Eggs', 6)]",229.0,-37.8092157,144.9609332,0,7.73,12.799
179,ORDB03659,2018-07-31,14:55:46,Lunch,TP,"[('Fries', 4), ('Salad', 6), ('Chicken', 7)]",375.2,-37.8019853,144.9713861,0,9.866,13.329
180,ORDC08141,2018-08-28,15:56:37,Lunch,NS,"[('Burger', 4), ('Fries', 6), ('Salad', 1)]",213.2,-37.8093973,144.9378374,0,10.201,16.408
181,ORDC06149,2018-07-04,14:05:04,Lunch,NS,"[('Salad', 6), ('Chicken', 8), ('Burger', 3)]",452.2,-37.8218102,144.9518698,0,9.642999999999999,15.806
182,ORDJ03841,2018-07-20,14:35:29,Lunch,TP,"[('Steak', 3), ('Salad', 6), ('Fries', 1), ('Chicken', 4), ('Burger', 5)]",533.2,-37.8121092,144.9691805,0,8.728,12.559
183,ORDZ03476,2018-11-08,18:18:35,Dinner,NS,"[('Salmon', 8), ('Pasta', 3)]",410.5,-37.8156548,144.963956,0,8.198,14.365
184,ORDB07717,2018-12-22,19:49:51,Dinner,TP,"[('Salmon', 9), ('Shrimp', 8), ('Fish&Chips', 3)]",906.0,-37.8074932,144.9680408,0,9.185,15.158
185,ORDX02153,2018-01-30,08:50:42,Breakfast,BK,"[('Cereal', 6), ('Pancake', 9)]",344.25,-37.801226,144.9838843,0,6.39,11.111
186,ORDY06303,2018-08-05,15:05:54,Lunch,TP,"[('Steak', 5), ('Chicken', 8)]",481.0,-37.8122844,144.9549798,0,8.77,13.91
187,ORDB09074,2018-05-20,12:33:48,Lunch,TP,"[('Burger', 3), ('Steak', 8), ('Chicken', 3), ('Fries', 10), ('Salad', 5)]",755.0,-37.8097941,144.9931954,0,10.432,15.117
188,ORDK01759,2018-09-30,16:57:27,Dinner,BK,"[('Shrimp', 7), ('Pasta', 1)]",405.5,-37.7985094,144.9200724,0,11.579,21.431
189,ORDX05668,2018-11-01,18:08:27,Dinner,BK,"[('Salmon', 9), ('Pasta', 4)]",479.0,-37.8011342,144.9742413,0,7.205,14.033
190,ORDB00156,2018-04-27,11:43:05,Breakfast,TP,"[('Pancake', 1), ('Coffee', 5)]",61.75,-37.8102024,144.9655319,0,8.655,11.302
191,ORDB06468,2018-10-20,17:38:01,Dinner,TP,"[('Fish&Chips', 10), ('Pasta', 8), ('Shrimp', 4), ('Salmon', 2)]",868.0,-37.8078257,144.9919877,0,10.513,16.051
192,ORDB09126,2018-08-25,15:46:28,Lunch,TP,"[('Steak', 4), ('Fries', 7), ('Chicken', 9)]",552.0,-37.8245536,144.9468872,0,8.859,13.849
193,ORDC06724,2018-11-21,18:38:52,Dinner,NS,"[('Fish&Chips', 4), ('Pasta', 5)]",277.5,-37.8081541,144.9761699,0,7.334,13.046
194,ORDJ10348,2018-01-06,08:10:08,Breakfast,TP,"[('Pancake', 5), ('Cereal', 4)]",205.25,-37.8111224,145.0063192,1,11.579,7.724
195,ORDI11053,2018-02-13,09:21:07,Breakfast,NS,"[('Eggs', 8), ('Cereal', 4), ('Pancake', 8)]",454.0,-37.8033952,144.9663463,0,6.728,11.666
196,ORDZ05014,2018-06-29,13:54:55,Lunch,NS,"[('Burger', 1), ('Fries', 2)]",55.0,-37.8235746,145.0126354,0,11.714,25.93
197,ORDA07038,2018-06-03,13:04:13,Lunch,BK,"[('Salad', 10), ('Burger', 7), ('Steak', 2)]",479.0,-37.7998614,144.9932054,0,5.778,14.077
198,ORDB07032,2018-07-30,14:55:46,Lunch,TP,"[('Fries', 9), ('Burger', 3), ('Salad', 7), ('Steak', 4)]",501.4,-37.8046614,144.9927895,0,10.902000000000001,14.376
199,ORDZ02016,2018-10-22,17:48:10,Dinner,NS,"[('Salmon', 4), ('Shrimp', 2)]",272.0,-37.8209341,144.9613851,0,9.026,15.571
200,ORDA02026,2018-06-07,13:14:21,Lunch,BK,"[('Fries', 2), ('Burger', 6)]",210.0,-37.8162106,144.9664711,0,7.54,13.643
201,ORDZ11012,2018-04-26,11:43:05,Breakfast,NS,"[('Cereal', 8), ('Eggs', 2), ('Coffee', 9)]",279.5,-37.81632,144.9634255,0,8.325,20.012
202,ORDI02203,2018-12-19,19:39:43,Dinner,NS,"[('Shrimp', 3), ('Fish&Chips', 7), ('Pasta', 8)]",627.0,-37.8211755,144.9549802,0,9.435,15.382
203,ORDA09369,2018-02-22,09:41:24,Breakfast,BK,"[('Coffee', 7), ('Pancake', 6), ('Cereal', 2), ('Eggs', 8)]",416.0,-37.8147867,144.9494848,0,9.65,14.729
204,ORDY01754,2018-07-16,14:25:21,Lunch,TP,"[('Chicken', 8), ('Burger', 3)]",349.0,-37.8010812,145.0146905,0,13.114,15.696
205,ORDA04290,2018-10-31,17:58:18,Dinner,BK,"[('Pasta', 1), ('Fish&Chips', 2), ('Shrimp', 6), ('Salmon', 10)]",831.5,-37.8067273,144.9379718,0,9.796,16.672
206,ORDA05227,2018-02-02,09:00:50,Breakfast,BK,"[('Coffee', 5), ('Cereal', 6), ('Eggs', 2)]",207.5,-37.7990008,144.9274382,0,11.022,16.464
207,ORDK07035,2018-04-26,11:43:05,Breakfast,BK,"[('Coffee', 9), ('Pancake', 4), ('Cereal', 5), ('Eggs', 2)]",313.5,-37.8102365,144.9809359,0,5.938,10.776
208,ORDX03767,2018-06-18,13:34:38,Lunch,BK,"[('Burger', 4), ('Chicken', 2), ('Salad', 3), ('Fries', 7), ('Steak', 8)]",683.6,-37.8197384,145.0147371,0,4.348,10.108
209,ORDK07664,2018-04-12,11:22:49,Breakfast,BK,"[('Eggs', 7), ('Coffee', 5), ('Cereal', 8), ('Pancake', 3)]",432.25,-37.8134396,144.9620098,0,7.767,12.307
210,ORDI05273,2018-02-21,09:41:24,Breakfast,NS,"[('Pancake', 8), ('Eggs', 9)]",392.0,-37.8134029,145.0025066,0,9.948,15.468
211,ORDA06993,2018-06-13,13:24:30,Lunch,BK,"[('Steak', 6), ('Burger', 1), ('Chicken', 6), ('Fries', 8)]",589.0,-37.7991117,144.9895502,0,6.216,12.073
212,ORDY00998,2018-05-09,12:13:31,Lunch,TP,"[('Steak', 5), ('Chicken', 6), ('Salad', 7), ('Burger', 5), ('Fries', 7)]",776.4,-37.8174935,144.9888148,0,9.575,12.661
213,ORDI08055,2018-09-05,16:06:45,Dinner,NS,"[('Shrimp', 2), ('Fish&Chips', 6)]",318.0,-37.8151161,144.927561,0,10.757,16.716
214,ORDJ01396,2018-07-07,14:05:04,Lunch,TP,"[('Burger', 2), ('Salad', 4)]",130.8,-37.8142378,144.9871033,0,9.637,7.298
215,ORDJ10071,2018-07-31,14:55:46,Lunch,TP,"[('Steak', 10), ('Burger', 9), ('Salad', 3), ('Fries', 4)]",828.6,-37.8089494,144.936611,0,10.470999999999998,6.933
216,ORDB08234,2018-02-16,09:31:16,Breakfast,TP,"[('Cereal', 10), ('Eggs', 8), ('Coffee', 1)]",393.5,-37.8018204,144.9457393,0,10.325999999999999,13.233
217,ORDX03313,2018-11-04,18:08:27,Dinner,BK,"[('Fish&Chips', 4), ('Pasta', 9), ('Shrimp', 6)]",711.5,-37.8116084,144.9523613,0,8.505,18.216
218,ORDX06098,2018-12-13,19:29:34,Dinner,BK,"[('Shrimp', 4), ('Pasta', 5), ('Salmon', 5), ('Fish&Chips', 7)]",803.5,-37.8234159,144.9879671,0,6.382999999999999,12.924
219,ORDY05337,2018-05-18,12:33:48,Lunch,TP,"[('Chicken', 2), ('Fries', 3), ('Steak', 5)]",325.0,-37.8039924,144.9584611,0,9.247,12.717
220,ORDC04415,2018-09-23,16:47:19,Dinner,NS,"[('Pasta', 4), ('Fish&Chips', 6), ('Shrimp', 8), ('Salmon', 7)]",1039.0,-37.808963,144.9489466,0,8.851,16.865
221,ORDB05661,2018-09-13,16:27:02,Dinner,TP,"[('Shrimp', 6), ('Fish&Chips', 6)]",534.0,-37.8044637,144.9259273,0,11.595999999999998,15.581
222,ORDI06462,2018-07-16,14:25:21,Lunch,NS,"[('Steak', 2), ('Salad', 8)]",227.6,-37.8219645,144.9541718,0,9.588,14.883
223,ORDX06442,2018-05-06,12:03:22,Lunch,BK,"[('Salad', 8), ('Burger', 4), ('Steak', 7), ('Chicken', 1), ('Fries', 2)]",632.6,-37.8082258,144.9475509,0,9.025,17.555
224,ORDA05050,2018-02-17,09:31:16,Breakfast,BK,"[('Coffee', 10), ('Eggs', 1), ('Cereal', 8)]",265.0,-37.8241145,144.9867002,0,6.5120000000000005,14.107
225,ORDJ01211,2018-12-19,19:39:43,Dinner,TP,"[('Fish&Chips', 2), ('Shrimp', 6)]",394.0,-37.8142938,144.9389889,0,10.227,21.123
226,ORDA07706,2018-05-14,12:23:39,Lunch,BK,"[('Fries', 9), ('Salad', 9)]",262.8,-37.8068665,144.9644399,0,7.2989999999999995,12.709
227,ORDA02495,2018-02-02,09:00:50,Breakfast,BK,"[('Cereal', 6), ('Eggs', 7)]",280.0,-37.8159503,144.9394896,0,9.818,22.618
228,ORDY10710,2018-11-06,18:18:35,Dinner,TP,"[('Pasta', 1), ('Shrimp', 5)]",297.5,-37.8102544,144.9611654,0,8.51,13.284
229,ORDZ00378,2018-11-30,18:59:09,Dinner,NS,"[('Fish&Chips', 9), ('Shrimp', 1), ('Salmon', 10)]",779.0,-37.8067516,144.9643373,0,7.207000000000001,12.825
230,ORDY06808,2018-07-28,14:55:46,Lunch,TP,"[('Chicken', 10), ('Salad', 10), ('Fries', 3), ('Burger', 5)]",683.0,-37.7973464,144.9689413,0,10.259,14.941
231,ORDC05941,2018-05-09,12:13:31,Lunch,NS,"[('Salad', 9), ('Burger', 6), ('Chicken', 2)]",404.8,-37.8003196,144.9888185,0,7.9110000000000005,13.191
232,ORDX10551,2018-11-16,18:38:52,Dinner,BK,"[('Salmon', 1), ('Shrimp', 2), ('Fish&Chips', 9)]",464.0,-37.8180701,144.9668782,0,7.521,14.571
233,ORDX04539,2018-05-20,12:33:48,Lunch,BK,"[('Steak', 5), ('Chicken', 8), ('Fries', 3)]",517.0,-37.802587,144.9349985,0,10.911,19.147
234,ORDA05001,2018-08-13,15:26:11,Lunch,BK,"[('Fries', 7), ('Steak', 4), ('Salad', 9)]",418.8,-37.8102387,144.987113,0,5.476,11.345
235,ORDB06986,2018-10-18,17:38:01,Dinner,TP,"[('Salmon', 5), ('Pasta', 8), ('Fish&Chips', 3), ('Shrimp', 5)]",800.0,-37.802521,144.9492667,0,10.03,13.703
236,ORDK08017,2018-12-29,20:00:00,Dinner,BK,"[('Fish&Chips', 3), ('Shrimp', 9)]",591.0,-37.8152021,144.9368419,0,10.019,19.939
237,ORDC01494,2018-01-27,08:50:42,Breakfast,NS,"[('Eggs', 2), ('Cereal', 8), ('Pancake', 9), ('Coffee', 7)]",482.75,-37.8226138,144.9583674,0,9.37,16.559
238,ORDZ00197,2018-04-19,11:32:57,Breakfast,NS,"[('Coffee', 3), ('Cereal', 4), ('Pancake', 6)]",252.0,-37.8132915,144.9735592,0,7.672000000000001,12.944
239,ORDI10143,2018-07-26,14:45:38,Lunch,NS,"[('Chicken', 4), ('Salad', 3)]",179.6,-37.8037919,144.9602993,0,7.318,12.475
240,ORDA02818,2018-09-09,16:16:54,Dinner,BK,"[('Salmon', 6), ('Shrimp', 5)]",516.0,-37.8153503,144.9708117,0,7.093999999999999,16.63
241,ORDC08676,2018-06-22,13:44:47,Lunch,NS,"[('Burger', 4), ('Salad', 8), ('Fries', 10), ('Chicken', 8), ('Steak', 8)]",997.6,-37.7998186,144.9927729,0,8.316,13.971
242,ORDX01062,2018-09-17,16:37:10,Dinner,BK,"[('Salmon', 9), ('Pasta', 3), ('Shrimp', 6)]",775.5,-37.8197216,144.9691629,0,7.731,14.162
243,ORDJ00067,2018-04-27,11:43:05,Breakfast,TP,"[('Eggs', 4), ('Pancake', 4)]",185.0,-37.8105953,144.9653759,0,8.59,11.605
244,ORDZ10303,2018-12-23,19:49:51,Dinner,NS,"[('Salmon', 3), ('Shrimp', 3), ('Pasta', 8)]",505.0,-37.8213835,144.9694675,0,8.759,16.538
245,ORDK03838,2018-11-19,18:38:52,Dinner,BK,"[('Pasta', 3), ('Fish&Chips', 4)]",222.5,-37.8191543,144.9505999,0,9.146,16.092
246,ORDC03929,2018-11-01,18:08:27,Dinner,NS,"[('Fish&Chips', 7), ('Salmon', 4), ('Pasta', 5)]",546.5,-37.820935,144.9433761,0,10.075,15.971
247,ORDX04000,2018-04-08,11:12:40,Breakfast,BK,"[('Pancake', 7), ('Cereal', 8)]",337.75,-37.8138099,144.9497383,0,10.226,17.362
248,ORDI10207,2018-05-16,12:23:39,Lunch,NS,"[('Steak', 2), ('Fries', 1), ('Salad', 1), ('Burger', 1), ('Chicken', 1)]",182.2,-37.8087939,144.9718035,0,7.252999999999999,13.116
249,ORDX09790,2018-06-17,13:24:30,Lunch,BK,"[('Salad', 4), ('Chicken', 3), ('Steak', 6), ('Burger', 6), ('Fries', 5)]",680.8,-37.8021655,144.9645182,0,7.721,16.249
250,ORDK03672,2018-11-18,18:38:52,Dinner,BK,"[('Fish&Chips', 4), ('Shrimp', 8), ('Salmon', 2)]",654.0,-37.8038037,145.0108462,0,4.163,13.066
251,ORDY04694,2018-12-15,19:29:34,Dinner,TP,"[('Shrimp', 3), ('Pasta', 4), ('Salmon', 5)]",477.0,-37.8242902,144.9445345,0,9.074,21.435
252,ORDZ02668,2018-08-29,15:56:37,Lunch,NS,"[('Fries', 3), ('Salad', 5), ('Burger', 3), ('Steak', 7)]",530.0,-37.8173448,144.9460826,0,9.408999999999999,15.356
253,ORDB06460,2018-08-30,15:56:37,Lunch,TP,"[('Fries', 2), ('Burger', 9), ('Salad', 4), ('Chicken', 8)]",627.8,-37.8086601,144.9419749,0,10.046,13.594
254,ORDK04998,2018-03-22,10:32:06,Breakfast,BK,"[('Coffee', 4), ('Eggs', 2), ('Pancake', 5), ('Cereal', 4)]",279.25,-37.8169947,144.9614569,0,8.007,13.345
255,ORDB09538,2018-01-21,08:40:33,Breakfast,TP,"[('Pancake', 2), ('Eggs', 4), ('Coffee', 4), ('Cereal', 10)]",376.5,-37.803475,144.9674719,0,9.685,13.807
256,ORDZ09833,2018-07-13,14:25:21,Lunch,NS,"[('Fries', 10), ('Steak', 4), ('Salad', 2)]",334.4,-37.8184589,145.0076859,0,10.831,16.116
257,ORDK07501,2018-10-17,17:38:01,Dinner,BK,"[('Salmon', 8), ('Shrimp', 8)]",760.0,-37.8026926,144.9507254,0,8.684,15.174
258,ORDZ01076,2018-04-09,11:12:40,Breakfast,NS,"[('Cereal', 10), ('Pancake', 7), ('Coffee', 8), ('Eggs', 3)]",505.75,-37.8119194,144.9672603,0,7.553,12.842
259,ORDB04430,2018-02-21,09:41:24,Breakfast,TP,"[('Cereal', 5), ('Eggs', 6)]",237.0,-37.8080174,144.9955836,0,10.817,13.376
260,ORDY07127,2018-08-15,15:26:11,Lunch,TP,"[('Chicken', 9), ('Salad', 6), ('Burger', 3), ('Fries', 9)]",592.2,-37.8081851,144.9756244,0,9.246,6.123
261,ORDB09409,2018-11-19,18:38:52,Dinner,TP,"[('Pasta', 6), ('Salmon', 8), ('Fish&Chips', 4)]",633.0,-37.8205611,144.9487888,0,8.881,19.151
262,ORDI06402,2018-02-19,09:31:16,Breakfast,NS,"[('Coffee', 4), ('Cereal', 6), ('Eggs', 8)]",332.0,-37.8242449,144.9868322,0,9.498,14.437
263,ORDC05366,2018-07-27,14:45:38,Lunch,NS,"[('Steak', 10), ('Salad', 3), ('Burger', 7)]",718.6,-37.8191726,144.9651628,0,8.661,14.454
264,ORDY00532,2018-10-20,17:38:01,Dinner,TP,"[('Salmon', 9), ('Pasta', 9), ('Shrimp', 1)]",670.5,-37.8202417,144.9687,0,7.621,13.333
265,ORDB03211,2018-04-10,11:12:40,Breakfast,TP,"[('Eggs', 3), ('Pancake', 7)]",235.75,-37.802889,144.9476755,0,10.06,12.647
266,ORDA01632,2018-08-05,15:05:54,Lunch,BK,"[('Salad', 5), ('Chicken', 7), ('Fries', 7)]",394.0,-37.821236,144.9632606,0,8.136000000000001,16.798
267,ORDB06736,2018-02-18,09:31:16,Breakfast,TP,"[('Eggs', 8), ('Pancake', 4), ('Coffee', 10), ('Cereal', 2)]",390.0,-37.8095845,144.9616905,0,8.596,12.872
268,ORDJ01959,2018-04-24,11:43:05,Breakfast,TP,"[('Coffee', 7), ('Cereal', 7), ('Pancake', 3), ('Eggs', 9)]",470.25,-37.8070988,144.9590073,0,8.969,11.464
269,ORDZ10304,2018-04-18,11:32:57,Breakfast,NS,"[('Pancake', 8), ('Eggs', 6), ('Coffee', 9)]",393.5,-37.8039159,144.9699614,0,6.63,12.159
270,ORDB07575,2018-11-15,18:28:43,Dinner,TP,"[('Pasta', 3), ('Fish&Chips', 5)]",257.5,-37.833333,144.9914651,0,9.937000000000001,13.801
271,ORDB08223,2018-02-19,09:31:16,Breakfast,TP,"[('Cereal', 4), ('Eggs', 4)]",172.0,-37.8074349,144.9447892,0,10.033999999999999,11.903
272,ORDX09082,2018-04-07,11:12:40,Breakfast,BK,"[('Eggs', 6), ('Cereal', 6)]",258.0,-37.8173912,145.0138215,0,4.095,11.909
273,ORDA08615,2018-05-16,12:23:39,Lunch,BK,"[('Burger', 9), ('Fries', 10), ('Steak', 3), ('Salad', 2), ('Chicken', 8)]",824.4,-37.809039,144.9719353,0,7.233,12.482
274,ORDY08265,2018-07-15,14:25:21,Lunch,TP,"[('Chicken', 7), ('Salad', 2)]",258.4,-37.7993605,144.9248132,0,12.978,8.683
275,ORDK01769,2018-11-17,18:38:52,Dinner,BK,"[('Pasta', 7), ('Salmon', 7), ('Shrimp', 6)]",803.5,-37.8057576,145.0043502,0,5.056,13.739
276,ORDX01882,2018-04-27,11:53:14,Breakfast,BK,"[('Pancake', 9), ('Eggs', 6)]",350.25,-37.8222105,144.9679533,0,7.982,12.79
277,ORDC01252,2018-07-03,14:05:04,Lunch,NS,"[('Steak', 6), ('Fries', 7), ('Chicken', 8), ('Burger', 3), ('Salad', 10)]",875.0,-37.8096588,144.9640636,0,7.41,12.705
278,ORDZ00901,2018-07-27,14:55:46,Lunch,NS,"[('Fries', 8), ('Chicken', 9), ('Burger', 2), ('Salad', 7), ('Steak', 1)]",611.4,-37.8115375,144.9710205,0,7.42,12.629
279,ORDB05209,2018-12-30,20:00:00,Dinner,TP,"[('Salmon', 5), ('Shrimp', 10), ('Pasta', 5), ('Fish&Chips', 4)]",1022.5,-37.8156883,144.9378168,0,10.383,15.544
280,ORDJ05238,2018-06-24,13:44:47,Lunch,TP,"[('Burger', 10), ('Fries', 6), ('Steak', 3), ('Salad', 10)]",689.0,-37.8254532,144.9827618,0,8.942,13.868
281,ORDC06444,2018-05-03,12:03:22,Lunch,NS,"[('Burger', 6), ('Steak', 1)]",231.0,-37.8162972,144.9637915,0,8.304,13.736
282,ORDB05382,2018-12-11,19:19:26,Dinner,TP,"[('Fish&Chips', 6), ('Salmon', 7), ('Shrimp', 3), ('Pasta', 6)]",824.0,-37.8095776,144.9726534,0,9.109,19.854
283,ORDJ06646,2018-12-26,19:49:51,Dinner,TP,"[('Shrimp', 10), ('Salmon', 1), ('Pasta', 10)]",856.0,-37.804787,144.9574515,0,9.262,13.286
284,ORDA08074,2018-09-02,16:06:45,Dinner,BK,"[('Salmon', 6), ('Pasta', 3)]",328.5,-37.8134587,144.9655656,0,7.497000000000001,16.574
285,ORDC03063,2018-04-20,11:32:57,Breakfast,NS,"[('Coffee', 8), ('Eggs', 3), ('Pancake', 5)]",247.25,-37.8369082,144.894564,0,12.875,26.957
286,ORDA06971,2018-01-30,08:50:42,Breakfast,BK,"[('Eggs', 10), ('Pancake', 1), ('Cereal', 2), ('Coffee', 4)]",316.25,-37.8071583,144.9749101,0,6.756,12.108
287,ORDC03572,2018-07-19,14:35:29,Lunch,NS,"[('Steak', 2), ('Salad', 5)]",176.0,-37.8057277,144.9772357,0,7.124,12.386
288,ORDJ07054,2018-08-22,15:46:28,Lunch,TP,"[('Salad', 6), ('Burger', 10), ('Steak', 10)]",863.2,-37.8020938,144.9845589,0,10.488,13.915
289,ORDA04558,2018-06-20,13:34:38,Lunch,BK,"[('Fries', 9), ('Burger', 9)]",387.0,-37.8209749,144.957758,0,8.421,13.875
290,ORDY04521,2018-04-20,11:32:57,Breakfast,TP,"[('Pancake', 8), ('Coffee', 6), ('Cereal', 7), ('Eggs', 1)]",408.0,-37.8037581,144.9434022,0,10.274000000000001,13.219
291,ORDX04870,2018-08-13,15:26:11,Lunch,BK,"[('Fries', 2), ('Steak', 6), ('Salad', 9), ('Burger', 3)]",541.8,-37.8133795,144.9647797,0,7.599,13.474
292,ORDJ06573,2018-10-09,17:17:44,Dinner,TP,"[('Fish&Chips', 1), ('Pasta', 8), ('Salmon', 8), ('Shrimp', 8)]",1015.0,-37.810948,144.9628326,0,8.446,12.518
293,ORDX03099,2018-03-20,10:32:06,Breakfast,BK,"[('Eggs', 5), ('Coffee', 2), ('Cereal', 5), ('Pancake', 4)]",327.0,-37.8104287,144.9571029,0,8.086,13.673
294,ORDJ08548,2018-02-09,09:10:59,Breakfast,TP,"[('Pancake', 8), ('Eggs', 2)]",238.0,-37.799308,144.9592414,0,9.921,12.26
295,ORDA08824,2018-06-03,13:04:13,Lunch,BK,"[('Salad', 9), ('Steak', 8)]",514.8,-37.8045557,144.9724979,0,6.939,15.605
296,ORDY05650,2018-09-23,16:47:19,Dinner,TP,"[('Fish&Chips', 7), ('Pasta', 10), ('Salmon', 2), ('Shrimp', 1)]",656.0,-37.7998566,144.9786219,0,10.272,15.829
297,ORDJ04621,2018-11-07,18:18:35,Dinner,TP,"[('Pasta', 7), ('Fish&Chips', 5)]",367.5,-37.810176,144.9614425,0,8.497,12.293
298,ORDI03008,2018-01-09,08:10:08,Breakfast,NS,"[('Eggs', 7), ('Coffee', 7)]",206.5,-37.8138576,144.9569673,1,8.329,7.182
299,ORDZ00362,2018-07-06,14:05:04,Lunch,NS,"[('Chicken', 6), ('Burger', 1), ('Steak', 7), ('Salad', 1)]",555.2,-37.8133524,144.938444,0,10.228,16.127
300,ORDI01422,2018-09-14,16:27:02,Dinner,NS,"[('Fish&Chips', 9), ('Pasta', 2)]",370.0,-37.8148053,144.9448602,0,9.205,15.08
301,ORDI10377,2018-12-14,19:29:34,Dinner,NS,"[('Fish&Chips', 2), ('Salmon', 7)]",357.0,-37.810876,144.9390697,0,9.721,15.618
302,ORDY01044,2018-03-23,10:42:15,Breakfast,TP,"[('Cereal', 3), ('Eggs', 4)]",151.0,-37.8205542,144.984997,0,9.13,11.927
303,ORDJ09091,2018-05-22,12:33:48,Lunch,TP,"[('Steak', 6), ('Salad', 6), ('Fries', 7), ('Burger', 9)]",736.2,-37.8175502,144.9672251,0,7.716,11.501
304,ORDJ05482,2018-06-30,13:54:55,Lunch,TP,"[('Burger', 10), ('Chicken', 3), ('Salad', 10)]",578.0,-37.8169077,144.9520437,0,10.131,15.247
305,ORDJ06883,2018-09-25,16:47:19,Dinner,TP,"[('Pasta', 8), ('Salmon', 5)]",425.0,-37.8049913,144.94188,0,10.356,7.259
306,ORDA05574,2018-04-25,11:43:05,Breakfast,BK,"[('Pancake', 5), ('Cereal', 7), ('Eggs', 3), ('Coffee', 3)]",356.75,-37.8187551,144.95323,0,8.818,13.692
307,ORDK07130,2018-04-05,11:02:32,Breakfast,BK,"[('Cereal', 1), ('Eggs', 10)]",241.0,-37.8221838,144.9334942,0,10.765999999999998,15.83
308,ORDY01729,2018-04-03,11:02:32,Breakfast,TP,"[('Cereal', 4), ('Pancake', 2)]",132.5,-37.8122898,144.9903617,0,10.015,12.244
309,ORDA10032,2018-01-10,08:10:08,Breakfast,BK,"[('Pancake', 8), ('Cereal', 6), ('Eggs', 8), ('Coffee', 4)]",526.0,-37.8140603,144.9633688,1,7.755,6.471
310,ORDX04214,2018-04-16,11:22:49,Breakfast,BK,"[('Cereal', 9), ('Eggs', 9)]",387.0,-37.8103834,144.9683172,0,7.077999999999999,11.495
311,ORDC06847,2018-07-22,14:45:38,Lunch,NS,"[('Steak', 7), ('Fries', 6)]",387.0,-37.8233178,145.0092362,0,11.385,18.688
312,ORDC05557,2018-12-20,19:39:43,Dinner,NS,"[('Shrimp', 8), ('Salmon', 1), ('Fish&Chips', 5), ('Pasta', 7)]",840.5,-37.8130106,144.93361,0,8.924,14.275
313,ORDK01426,2018-07-14,14:25:21,Lunch,BK,"[('Salad', 8), ('Fries', 9), ('Chicken', 2), ('Burger', 3), ('Steak', 2)]",492.6,-37.818283,145.0074284,0,4.203,12.113
314,ORDZ03077,2018-11-20,18:38:52,Dinner,NS,"[('Shrimp', 7), ('Pasta', 7), ('Fish&Chips', 9), ('Salmon', 7)]",1172.5,-37.826258,145.0178552,0,12.238,18.534
315,ORDK05010,2018-01-03,08:00:00,Breakfast,BK,"[('Coffee', 1), ('Pancake', 2), ('Eggs', 3), ('Cereal', 7)]",269.0,-37.8137352,145.006257,1,3.819,4.244
316,ORDC08548,2018-01-07,08:10:08,Breakfast,NS,"[('Pancake', 4), ('Coffee', 3), ('Eggs', 10)]",339.5,-37.8127528,144.9374607,1,10.112,8.851
317,ORDK03173,2018-11-04,18:08:27,Dinner,BK,"[('Fish&Chips', 7), ('Pasta', 6)]",410.0,-37.8193009,144.961111,0,8.016,17.596
318,ORDX04215,2018-04-14,11:22:49,Breakfast,BK,"[('Cereal', 10), ('Coffee', 4), ('Pancake', 10)]",482.5,-37.8179477,144.9934677,0,5.361000000000001,12.809
319,ORDJ08900,2018-04-28,11:53:14,Breakfast,TP,"[('Pancake', 5), ('Coffee', 4), ('Eggs', 3), ('Cereal', 4)]",301.25,-37.8210661,144.9567759,0,8.175,12.667
320,ORDI09526,2018-02-11,09:21:07,Breakfast,NS,"[('Eggs', 6), ('Coffee', 10)]",207.0,-37.8117685,144.9677803,0,7.502000000000001,14.315
321,ORDA05918,2018-08-03,15:05:54,Lunch,BK,"[('Steak', 8), ('Chicken', 10), ('Burger', 10)]",990.0,-37.815786,145.0094576,0,4.013,9.307
322,ORDA06660,2018-02-13,09:21:07,Breakfast,BK,"[('Coffee', 9), ('Eggs', 2), ('Cereal', 3)]",174.5,-37.8022876,144.9268725,0,10.821,15.575
323,ORDZ02372,2018-06-11,13:14:21,Lunch,NS,"[('Salad', 2), ('Chicken', 1), ('Burger', 6)]",252.4,-37.8000203,144.9284282,0,10.901,16.376
324,ORDC09440,2018-05-11,12:13:31,Lunch,NS,"[('Steak', 1), ('Fries', 5), ('Chicken', 9), ('Burger', 2), ('Salad', 4)]",523.8,-37.8250996,145.0100926,0,11.543,17.131
325,ORDA10882,2018-09-23,16:47:19,Dinner,BK,"[('Shrimp', 8), ('Salmon', 3)]",555.0,-37.8255176,144.9516079,0,9.296,18.478
326,ORDY00366,2018-08-18,15:36:20,Lunch,TP,"[('Fries', 5), ('Chicken', 10), ('Burger', 4)]",504.0,-37.8128829,144.968234,0,8.429,13.248
327,ORDK03568,2018-02-15,09:21:07,Breakfast,BK,"[('Coffee', 9), ('Pancake', 3), ('Cereal', 4), ('Eggs', 8)]",400.25,-37.8110063,145.005156,0,3.677,8.731
328,ORDK01086,2018-01-07,08:10:08,Breakfast,BK,"[('Coffee', 3), ('Cereal', 5), ('Eggs', 5)]",237.5,-37.8122993,144.9373433,1,10.25,8.938
329,ORDJ09587,2018-06-10,13:14:21,Lunch,TP,"[('Fries', 1), ('Burger', 7), ('Chicken', 1)]",261.0,-37.82305,144.95599,0,9.074,14.159
330,ORDB04165,2018-02-16,09:31:16,Breakfast,TP,"[('Pancake', 9), ('Cereal', 2), ('Eggs', 10), ('Coffee', 9)]",547.75,-37.8043182,144.9500493,0,10.04,12.373
331,ORDY00440,2018-09-30,16:57:27,Dinner,TP,"[('Salmon', 5), ('Fish&Chips', 7)]",450.0,-37.8215414,144.9456439,0,9.1,14.756
332,ORDB02703,2018-10-22,17:48:10,Dinner,TP,"[('Fish&Chips', 10), ('Salmon', 2), ('Shrimp', 8)]",864.0,-37.7940869,144.947129,0,11.19,14.954
333,ORDB00911,2018-09-16,16:37:10,Dinner,TP,"[('Fish&Chips', 10), ('Shrimp', 3), ('Salmon', 5)]",717.0,-37.8163262,144.9640475,0,7.767,14.104
334,ORDI10659,2018-09-25,16:47:19,Dinner,NS,"[('Shrimp', 6), ('Salmon', 6), ('Pasta', 8)]",790.0,-37.823145,144.9781905,0,8.877,14.635
335,ORDJ03681,2018-06-13,13:24:30,Lunch,TP,"[('Salad', 2), ('Fries', 2), ('Steak', 2), ('Chicken', 7)]",372.4,-37.7996759,144.9274691,0,11.921,15.562
336,ORDA06283,2018-06-03,13:04:13,Lunch,BK,"[('Salad', 4), ('Steak', 6)]",338.8,-37.8164201,144.970951,0,7.087000000000001,15.234
337,ORDA00231,2018-09-25,16:47:19,Dinner,BK,"[('Shrimp', 1), ('Salmon', 8), ('Fish&Chips', 3)]",487.0,-37.8028155,144.9673787,0,7.474,13.868
338,ORDK09363,2018-05-09,12:13:31,Lunch,BK,"[('Chicken', 5), ('Burger', 9), ('Salad', 8), ('Steak', 4), ('Fries', 2)]",780.6,-37.8021489,144.9892151,0,5.832999999999999,12.174
339,ORDI06982,2018-12-19,19:39:43,Dinner,NS,"[('Salmon', 2), ('Fish&Chips', 5)]",257.0,-37.8254275,144.9898046,0,9.812999999999999,7.949
340,ORDK01632,2018-11-18,18:38:52,Dinner,BK,"[('Pasta', 9), ('Fish&Chips', 2), ('Salmon', 9)]",686.5,-37.8038037,145.0108462,0,4.163,13.004
341,ORDY08427,2018-12-13,19:29:34,Dinner,TP,"[('Pasta', 5), ('Salmon', 7), ('Fish&Chips', 7), ('Shrimp', 5)]",939.5,-37.8167363,144.9756986,0,10.636,14.76
342,ORDI02352,2018-03-09,10:11:49,Breakfast,NS,"[('Cereal', 6), ('Coffee', 2), ('Pancake', 3)]",213.75,-37.8074069,144.9628081,0,7.367999999999999,11.961
343,ORDK02444,2018-12-01,19:09:17,Dinner,BK,"[('Pasta', 8), ('Shrimp', 2)]",328.0,-37.8186702,144.9664974,0,7.676,17.529
344,ORDC05211,2018-05-13,12:23:39,Lunch,NS,"[('Chicken', 2), ('Fries', 6), ('Salad', 7), ('Steak', 6)]",526.4,-37.8099209,144.93584,0,10.032,17.424
345,ORDZ01648,2018-05-09,12:13:31,Lunch,NS,"[('Fries', 7), ('Salad', 5), ('Steak', 10), ('Burger', 8), ('Chicken', 6)]",1060.0,-37.7994993,144.9896132,0,8.031,13.519
346,ORDB07699,2018-08-25,15:46:28,Lunch,TP,"[('Chicken', 1), ('Salad', 1), ('Steak', 1)]",94.2,-37.8013015,144.997424,0,11.622,16.841
347,ORDA08297,2018-11-04,18:08:27,Dinner,BK,"[('Salmon', 1), ('Fish&Chips', 2)]",111.0,-37.8193103,144.9610766,0,8.02,16.881
348,ORDZ03680,2018-06-05,13:04:13,Lunch,NS,"[('Chicken', 2), ('Steak', 8), ('Salad', 4), ('Fries', 3), ('Burger', 4)]",652.8,-37.8088151,144.9258578,0,10.325,15.993
349,ORDX07557,2018-11-22,18:49:00,Dinner,BK,"[('Pasta', 6), ('Shrimp', 9), ('Fish&Chips', 4)]",791.0,-37.8111532,144.9733924,0,6.787000000000001,13.342
350,ORDY09260,2018-03-22,10:32:06,Breakfast,TP,"[('Eggs', 8), ('Cereal', 5), ('Pancake', 4)]",378.0,-37.800181,144.9548982,0,9.832,12.208
351,ORDX08026,2018-02-04,09:00:50,Breakfast,BK,"[('Cereal', 4), ('Coffee', 1), ('Pancake', 1)]",115.75,-37.8225799,144.9610311,0,8.347999999999999,15.758
352,ORDA07390,2018-08-15,15:26:11,Lunch,BK,"[('Steak', 2), ('Fries', 2), ('Salad', 8), ('Burger', 8)]",499.6,-37.8090155,144.9837022,0,5.587999999999999,11.18
353,ORDX09739,2018-01-21,08:40:33,Breakfast,BK,"[('Eggs', 6), ('Pancake', 10), ('Coffee', 10)]",449.5,-37.803475,144.9674719,0,7.496,14.549
354,ORDY06173,2018-09-21,16:37:10,Dinner,TP,"[('Salmon', 6), ('Pasta', 5), ('Fish&Chips', 3)]",488.5,-37.822653,144.998453,0,10.308,14.015
355,ORDJ02461,2018-01-20,08:30:25,Breakfast,TP,"[('Eggs', 2), ('Pancake', 1), ('Coffee', 2)]",83.25,-37.8049839,144.9762398,0,9.591000000000001,13.625
356,ORDJ08340,2018-05-05,12:03:22,Lunch,TP,"[('Chicken', 10), ('Burger', 1)]",351.0,-37.81962,144.9943682,0,10.126,15.117
357,ORDC04624,2018-10-10,17:17:44,Dinner,NS,"[('Fish&Chips', 5), ('Salmon', 2), ('Shrimp', 2)]",365.0,-37.8123071,144.9536836,0,8.538,14.356
358,ORDC05202,2018-10-07,17:17:44,Dinner,NS,"[('Fish&Chips', 10), ('Salmon', 7)]",637.0,-37.8225724,144.9609827,0,9.215,16.583
359,ORDZ04408,2018-07-18,14:35:29,Lunch,NS,"[('Burger', 3), ('Chicken', 5)]",253.0,-37.821937,144.9683219,0,8.855,13.498
360,ORDI02932,2018-06-16,13:24:30,Lunch,NS,"[('Steak', 2), ('Salad', 5), ('Chicken', 5), ('Burger', 10)]",646.0,-37.822442,144.9846368,0,9.071,25.269
361,ORDY06644,2018-01-06,08:10:08,Breakfast,TP,"[('Pancake', 9), ('Cereal', 2)]",260.25,-37.8134727,144.9375948,1,10.548,7.476
362,ORDJ08207,2018-08-04,15:05:54,Lunch,TP,"[('Burger', 10), ('Steak', 5), ('Chicken', 7), ('Salad', 2)]",793.4,-37.8214421,144.9638368,0,7.3229999999999995,12.298
363,ORDJ06008,2018-10-26,17:48:10,Dinner,TP,"[('Fish&Chips', 3), ('Shrimp', 8), ('Pasta', 9), ('Salmon', 4)]",948.5,-37.8109859,144.9587939,0,8.696,12.598
364,ORDA10580,2018-10-05,17:07:36,Dinner,BK,"[('Fish&Chips', 4), ('Shrimp', 6)]",464.0,-37.8087451,144.9557643,0,8.137,14.825
365,ORDK04177,2018-06-06,13:04:13,Lunch,BK,"[('Steak', 2), ('Burger', 3), ('Salad', 1), ('Fries', 10)]",320.2,-37.8032852,144.9491709,0,8.916,14.637
366,ORDI03055,2018-03-31,10:52:23,Breakfast,NS,"[('Cereal', 7), ('Coffee', 3), ('Pancake', 4), ('Eggs', 9)]",464.5,-37.818374,144.971088,0,8.359,14.94
367,ORDJ05181,2018-01-08,08:10:08,Breakfast,TP,"[('Coffee', 6), ('Eggs', 8)]",221.0,-37.8160828,144.9389907,1,10.294,6.245
368,ORDJ01985,2018-06-29,13:54:55,Lunch,TP,"[('Burger', 2), ('Salad', 4)]",130.8,-37.8206517,144.9753299,0,8.349,12.282
369,ORDI04813,2018-11-21,18:49:00,Dinner,NS,"[('Pasta', 1), ('Fish&Chips', 7), ('Shrimp', 10)]",812.5,-37.8132985,144.9646315,0,7.869,13.796
370,ORDZ05861,2018-09-11,16:16:54,Dinner,NS,"[('Shrimp', 6), ('Pasta', 9), ('Salmon', 9), ('Fish&Chips', 10)]",1290.5,-37.8106451,144.9756601,0,7.5920000000000005,13.671
371,ORDX00979,2018-06-12,13:24:30,Lunch,BK,"[('Chicken', 2), ('Fries', 1), ('Burger', 2)]",138.0,-37.8056124,144.94536,0,9.072000000000001,14.953
372,ORDZ04576,2018-11-22,18:49:00,Dinner,NS,"[('Shrimp', 2), ('Fish&Chips', 1)]",143.0,-37.8206739,144.9845866,0,9.263,14.665
373,ORDK08669,2018-10-02,17:07:36,Dinner,BK,"[('Salmon', 5), ('Fish&Chips', 4), ('Shrimp', 4), ('Pasta', 2)]",616.0,-37.8132546,144.9856281,0,5.692,12.76
374,ORDK04371,2018-02-08,09:10:59,Breakfast,BK,"[('Eggs', 1), ('Cereal', 3), ('Coffee', 8)]",145.0,-37.8168264,144.9505586,0,9.228,13.895
375,ORDI04618,2018-01-04,08:00:00,Breakfast,NS,"[('Cereal', 6), ('Coffee', 8), ('Eggs', 4), ('Pancake', 6)]",419.5,-37.8037717,144.9380206,1,9.976,7.642
376,ORDC10656,2018-12-17,19:39:43,Dinner,NS,"[('Salmon', 2), ('Shrimp', 10), ('Fish&Chips', 6), ('Pasta', 5)]",969.5,-37.8073732,144.9503176,0,8.536,14.906
377,ORDK09063,2018-05-05,12:03:22,Lunch,BK,"[('Burger', 10), ('Salad', 8), ('Fries', 3)]",483.6,-37.8004243,144.9598831,0,8.275,24.277
378,ORDI07606,2018-02-06,09:10:59,Breakfast,NS,"[('Pancake', 6), ('Eggs', 8), ('Coffee', 1), ('Cereal', 7)]",476.0,-37.8220435,144.9799504,0,8.899,14.095
379,ORDY09721,2018-11-18,18:38:52,Dinner,TP,"[('Pasta', 3), ('Fish&Chips', 4), ('Salmon', 4)]",386.5,-37.7989335,144.9661909,0,10.062000000000001,15.34
380,ORDY09676,2018-08-23,15:46:28,Lunch,TP,"[('Fries', 1), ('Burger', 4), ('Chicken', 1), ('Steak', 4), ('Salad', 4)]",416.8,-37.8231925,144.988235,0,9.311,12.73
381,ORDY04024,2018-06-29,13:54:55,Lunch,TP,"[('Burger', 1), ('Salad', 10), ('Steak', 4), ('Chicken', 5), ('Fries', 2)]",567.0,-37.8166212,144.9333351,0,11.472999999999999,7.226
382,ORDX06583,2018-11-12,18:28:43,Dinner,BK,"[('Fish&Chips', 8), ('Shrimp', 2), ('Salmon', 1)]",429.0,-37.8042287,144.9792419,0,6.957000000000001,13.972
383,ORDA04828,2018-08-09,15:16:03,Lunch,BK,"[('Steak', 8), ('Salad', 1), ('Chicken', 3), ('Fries', 10)]",593.2,-37.807269,144.9391734,0,10.101,16.029
384,ORDJ04295,2018-07-29,14:55:46,Lunch,TP,"[('Salad', 7), ('Chicken', 6), ('Burger', 9), ('Fries', 5)]",651.4,-37.8221386,144.9498655,0,8.669,13.543
385,ORDC08644,2018-08-27,15:56:37,Lunch,NS,"[('Salad', 1), ('Burger', 4), ('Steak', 10), ('Chicken', 9), ('Fries', 7)]",963.2,-37.8169506,144.9531723,0,8.949,14.876
386,ORDA04613,2018-09-06,16:16:54,Dinner,BK,"[('Shrimp', 2), ('Salmon', 9), ('Fish&Chips', 4)]",617.0,-37.8190254,144.9738405,0,7.281000000000001,14.188
387,ORDY03683,2018-02-22,09:41:24,Breakfast,TP,"[('Eggs', 6), ('Pancake', 5)]",253.25,-37.8126195,145.0057727,0,11.491,13.416
388,ORDJ02945,2018-08-06,15:05:54,Lunch,TP,"[('Chicken', 5), ('Steak', 6), ('Salad', 3)]",481.6,-37.8122053,144.9884496,0,9.829,12.848
389,ORDJ04892,2018-01-24,08:40:33,Breakfast,TP,"[('Pancake', 10), ('Coffee', 6), ('Cereal', 2), ('Eggs', 1)]",351.5,-37.817073,144.9595551,0,8.035,11.18
390,ORDI06642,2018-12-29,20:00:00,Dinner,NS,"[('Salmon', 9), ('Shrimp', 3), ('Pasta', 8), ('Fish&Chips', 4)]",891.0,-37.8073832,144.9414877,0,10.084,17.829
391,ORDI08631,2018-08-16,15:26:11,Lunch,NS,"[('Steak', 2), ('Salad', 7), ('Fries', 10), ('Burger', 2)]",392.4,-37.8112366,145.0073593,0,10.09,15.417
392,ORDC00647,2018-08-23,15:46:28,Lunch,NS,"[('Steak', 10), ('Fries', 3)]",486.0,-37.8230574,144.9879668,0,9.463,14.802
393,ORDB05233,2018-09-26,16:47:19,Dinner,TP,"[('Pasta', 2), ('Salmon', 5), ('Shrimp', 6)]",584.0,-37.7992381,144.9605714,0,9.992,13.85
394,ORDC08620,2018-02-03,09:00:50,Breakfast,NS,"[('Coffee', 6), ('Pancake', 3), ('Cereal', 5)]",222.75,-37.8216037,144.961309,0,9.101,16.03
395,ORDC07690,2018-09-04,16:06:45,Dinner,NS,"[('Salmon', 7), ('Pasta', 7), ('Shrimp', 2)]",587.5,-37.8241227,144.9588148,0,9.507,15.876
396,ORDX04667,2018-08-31,15:56:37,Lunch,BK,"[('Burger', 1), ('Steak', 1)]",76.0,-37.8056436,144.9571435,0,7.997999999999999,14.101
397,ORDB04215,2018-10-13,17:27:53,Dinner,TP,"[('Shrimp', 10), ('Salmon', 7), ('Fish&Chips', 3), ('Pasta', 3)]",1014.5,-37.8211598,144.9554353,0,8.147,14.096
398,ORDB02262,2018-09-10,16:16:54,Dinner,TP,"[('Fish&Chips', 7), ('Salmon', 10)]",655.0,-37.8045071,144.9269774,0,11.502,15.709
399,ORDJ03075,2018-03-29,10:52:23,Breakfast,TP,"[('Coffee', 6), ('Pancake', 5), ('Eggs', 9)]",364.25,-37.8169522,144.9651005,0,7.877999999999999,11.032
400,ORDA00526,2018-07-13,14:25:21,Lunch,BK,"[('Steak', 5), ('Fries', 7), ('Chicken', 8)]",565.0,-37.816173,145.0074038,0,3.9339999999999997,9.755
401,ORDY10497,2018-10-07,17:17:44,Dinner,TP,"[('Fish&Chips', 2), ('Pasta', 4), ('Shrimp', 1), ('Salmon', 8)]",562.0,-37.8209342,144.9613737,0,7.466,13.338
402,ORDY04347,2018-11-29,18:59:09,Dinner,TP,"[('Salmon', 9), ('Shrimp', 3)]",531.0,-37.8092742,144.9575938,0,8.929,13.251
403,ORDJ01756,2018-04-21,11:32:57,Breakfast,TP,"[('Coffee', 7), ('Eggs', 5), ('Cereal', 5), ('Pancake', 5)]",388.75,-37.8176868,144.9692503,0,7.95,12.051
404,ORDK08172,2018-06-01,12:54:05,Lunch,BK,"[('Burger', 3), ('Salad', 8), ('Chicken', 5), ('Steak', 7), ('Fries', 5)]",765.6,-37.8040177,145.0047712,0,5.336,11.013
405,ORDX01280,2018-08-22,15:46:28,Lunch,BK,"[('Burger', 2), ('Fries', 10)]",182.0,-37.8118821,144.9789917,0,6.194,12.019
406,ORDJ01802,2018-06-13,13:24:30,Lunch,TP,"[('Chicken', 6), ('Salad', 4)]",260.8,-37.8104848,144.9524297,0,9.113,12.569
407,ORDY02394,2018-10-03,17:07:36,Dinner,TP,"[('Salmon', 8), ('Fish&Chips', 9), ('Shrimp', 6)]",967.0,-37.8122134,144.9519126,0,9.15,13.244
408,ORDJ07195,2018-12-25,19:49:51,Dinner,TP,"[('Fish&Chips', 1), ('Salmon', 4), ('Shrimp', 3)]",361.0,-37.8150624,144.9328467,0,11.099,15.123
409,ORDX09366,2018-06-05,13:04:13,Lunch,BK,"[('Chicken', 6), ('Steak', 2), ('Fries', 5), ('Salad', 5), ('Burger', 2)]",490.0,-37.8094828,144.9431614,0,9.901,15.685
410,ORDC10821,2018-05-19,12:33:48,Lunch,NS,"[('Salad', 3), ('Steak', 4), ('Chicken', 1)]",263.6,-37.8040123,144.9692993,0,6.496,13.823
411,ORDB06521,2018-06-06,13:04:13,Lunch,TP,"[('Fries', 1), ('Chicken', 7)]",236.0,-37.7999888,144.9923328,0,11.380999999999998,13.732
412,ORDI00957,2018-04-30,11:53:14,Breakfast,NS,"[('Pancake', 6), ('Cereal', 2)]",187.5,-37.8207765,144.9206276,0,11.989,17.612
413,ORDY07258,2018-06-10,13:14:21,Lunch,TP,"[('Steak', 8), ('Fries', 6), ('Burger', 1), ('Salad', 6), ('Chicken', 5)]",726.2,-37.8144423,144.9474527,0,9.424,14.568
414,ORDY02121,2018-12-04,19:09:17,Dinner,TP,"[('Shrimp', 5), ('Fish&Chips', 7)]",515.0,-37.8245789,144.969445,0,8.16,12.409
415,ORDB05862,2018-07-04,14:05:04,Lunch,TP,"[('Burger', 4), ('Chicken', 1)]",156.0,-37.8206485,144.9589885,0,7.797999999999999,11.737
416,ORDZ08490,2018-01-16,08:20:16,Breakfast,NS,"[('Eggs', 4), ('Coffee', 10), ('Pancake', 5)]",284.25,-37.8262281,144.9956458,1,10.134,8.01
417,ORDX10175,2018-10-19,17:38:01,Dinner,BK,"[('Salmon', 10), ('Fish&Chips', 9), ('Pasta', 8), ('Shrimp', 8)]",1377.0,-37.8183928,144.9670339,0,7.559,14.134
418,ORDC01345,2018-07-16,14:25:21,Lunch,NS,"[('Steak', 7), ('Salad', 6), ('Fries', 1), ('Burger', 1)]",461.2,-37.8057283,144.9550903,0,8.02,13.998
419,ORDZ05940,2018-04-03,11:02:32,Breakfast,NS,"[('Pancake', 1), ('Coffee', 1)]",31.75,-37.8100407,144.9795533,0,7.795,19.927
420,ORDK04982,2018-05-07,12:03:22,Lunch,BK,"[('Steak', 1), ('Salad', 8), ('Chicken', 8)]",438.6,-37.8070784,144.9556666,0,8.201,14.153
421,ORDB07085,2018-11-15,18:28:43,Dinner,TP,"[('Fish&Chips', 6), ('Shrimp', 5), ('Salmon', 4), ('Pasta', 3)]",726.5,-37.8251576,144.9497179,0,8.648,13.183
422,ORDK04099,2018-12-09,19:19:26,Dinner,BK,"[('Salmon', 6), ('Shrimp', 7), ('Fish&Chips', 5)]",799.0,-37.8011213,144.9762382,0,7.057,16.304
423,ORDK08580,2018-07-07,14:15:12,Lunch,BK,"[('Salad', 9), ('Steak', 6), ('Chicken', 10), ('Fries', 9)]",852.8,-37.8254392,144.95679,0,8.884,16.693
424,ORDI11103,2018-04-01,10:52:23,Breakfast,NS,"[('Coffee', 7), ('Cereal', 9)]",241.5,-37.8148736,144.9503606,0,10.202,16.94
425,ORDY05677,2018-12-31,20:00:00,Dinner,TP,"[('Salmon', 4), ('Pasta', 5), ('Fish&Chips', 10)]",651.5,-37.8052379,144.9523212,0,9.543,13.672
426,ORDK02887,2018-02-11,09:21:07,Breakfast,BK,"[('Pancake', 7), ('Cereal', 10), ('Coffee', 1)]",387.25,-37.8142018,144.9713993,0,7.064,14.61
427,ORDY00974,2018-04-28,11:53:14,Breakfast,TP,"[('Cereal', 1), ('Coffee', 6), ('Eggs', 1), ('Pancake', 2)]",136.5,-37.8232442,144.9687669,0,7.977,13.041
428,ORDK09166,2018-12-20,19:39:43,Dinner,BK,"[('Pasta', 10), ('Fish&Chips', 4), ('Shrimp', 5), ('Salmon', 1)]",726.0,-37.8064605,144.9613343,0,7.577999999999999,14.648
429,ORDI03449,2018-09-14,16:27:02,Dinner,NS,"[('Salmon', 6), ('Fish&Chips', 9), ('Shrimp', 5), ('Pasta', 4)]",941.0,-37.8148053,144.9448602,0,9.205,15.075
430,ORDI02497,2018-06-21,13:34:38,Lunch,NS,"[('Salad', 7), ('Chicken', 1), ('Steak', 6)]",422.4,-37.8163996,144.9825983,0,8.585,14.527
431,ORDC08911,2018-05-26,12:43:56,Lunch,NS,"[('Steak', 5), ('Chicken', 4), ('Burger', 2), ('Salad', 6)]",518.2,-37.8236258,144.9808734,0,9.113999999999999,16.508
432,ORDJ07213,2018-02-22,09:41:24,Breakfast,TP,"[('Cereal', 10), ('Eggs', 8), ('Pancake', 6)]",531.5,-37.8260379,144.9837062,0,9.129,11.808
433,ORDB02537,2018-07-07,14:15:12,Lunch,TP,"[('Salad', 4), ('Steak', 10), ('Chicken', 5), ('Fries', 7), ('Burger', 6)]",948.8,-37.8092376,145.0129581,0,12.409,16.491
434,ORDY04045,2018-07-20,14:35:29,Lunch,TP,"[('Chicken', 7), ('Burger', 5)]",379.0,-37.8121092,144.9691805,0,8.728,12.406
435,ORDI08439,2018-04-18,11:32:57,Breakfast,NS,"[('Cereal', 6), ('Eggs', 3), ('Coffee', 1), ('Pancake', 8)]",393.5,-37.8109307,144.9767106,0,7.702999999999999,12.87
436,ORDB08225,2018-06-12,13:24:30,Lunch,TP,"[('Fries', 8), ('Steak', 10), ('Salad', 6), ('Burger', 3)]",742.2,-37.8050607,144.9441007,0,10.149,13.288
437,ORDY04804,2018-12-09,19:19:26,Dinner,TP,"[('Pasta', 9), ('Shrimp', 5), ('Fish&Chips', 4), ('Salmon', 2)]",739.5,-37.8174369,144.9952241,0,10.225,15.665
438,ORDX00720,2018-09-29,16:57:27,Dinner,BK,"[('Shrimp', 2), ('Pasta', 5), ('Fish&Chips', 7), ('Salmon', 9)]",859.5,-37.8082379,144.9516256,0,8.62,17.691
439,ORDK07739,2018-02-24,09:41:24,Breakfast,BK,"[('Cereal', 4), ('Eggs', 10), ('Coffee', 6)]",349.0,-37.8116794,145.0072895,0,3.532,10.596
440,ORDX10645,2018-05-02,11:53:14,Breakfast,BK,"[('Eggs', 4), ('Pancake', 9)]",306.25,-37.8063922,144.9590628,0,7.795,12.926
441,ORDI08242,2018-02-23,09:41:24,Breakfast,NS,"[('Eggs', 5), ('Cereal', 1), ('Coffee', 5)]",168.5,-37.8237154,144.9673126,0,9.092,13.966
442,ORDK10233,2018-02-25,09:41:24,Breakfast,BK,"[('Pancake', 7), ('Cereal', 9), ('Coffee', 6)]",403.75,-37.8035311,144.9810821,0,6.4270000000000005,13.947
443,ORDI07214,2018-01-19,08:30:25,Breakfast,NS,"[('Eggs', 10), ('Coffee', 10)]",295.0,-37.811367,144.937068,0,10.373,15.27
444,ORDX08957,2018-04-17,11:32:57,Breakfast,BK,"[('Cereal', 4), ('Coffee', 2), ('Pancake', 8), ('Eggs', 4)]",381.0,-37.8136487,144.9730863,0,6.903,11.966
445,ORDA07833,2018-09-22,16:47:19,Dinner,BK,"[('Shrimp', 8), ('Salmon', 7)]",719.0,-37.8197751,144.9599386,0,8.137,18.157
446,ORDZ05459,2018-02-24,09:41:24,Breakfast,NS,"[('Cereal', 3), ('Coffee', 4), ('Pancake', 5)]",214.25,-37.8052239,144.9313361,0,10.23,17.605
447,ORDK01934,2018-01-22,08:40:33,Breakfast,BK,"[('Pancake', 8), ('Cereal', 7), ('Coffee', 10), ('Eggs', 5)]",526.0,-37.8009428,144.9527616,0,8.586,13.548
448,ORDZ10999,2018-12-12,19:29:34,Dinner,NS,"[('Shrimp', 1), ('Pasta', 8), ('Salmon', 7), ('Fish&Chips', 6)]",771.0,-37.8253131,144.9458456,0,10.368,16.169
449,ORDC06729,2018-01-28,08:50:42,Breakfast,NS,"[('Pancake', 5), ('Eggs', 3)]",187.25,-37.8233226,144.9429884,0,10.677999999999999,17.622
450,ORDK10620,2018-03-23,10:42:15,Breakfast,BK,"[('Eggs', 5), ('Coffee', 4), ('Pancake', 1)]",164.25,-37.8008954,144.9451581,0,9.296,13.423
451,ORDJ10628,2018-09-07,16:16:54,Dinner,TP,"[('Fish&Chips', 4), ('Shrimp', 4), ('Salmon', 1)]",397.0,-37.8187255,144.9742742,0,8.218,12.315
452,ORDB02108,2018-03-04,10:01:41,Breakfast,TP,"[('Cereal', 10), ('Coffee', 10), ('Pancake', 9), ('Eggs', 3)]",569.25,-37.8236213,144.9404384,0,9.506,13.714
453,ORDX00242,2018-09-08,16:16:54,Dinner,BK,"[('Shrimp', 7), ('Fish&Chips', 8), ('Salmon', 1)]",699.0,-37.8157298,144.9380366,0,9.942,19.791
454,ORDA08279,2018-02-27,09:51:32,Breakfast,BK,"[('Coffee', 10), ('Eggs', 10), ('Cereal', 3), ('Pancake', 7)]",527.75,-37.8225751,144.9671826,0,8.065,13.152
455,ORDJ05457,2018-01-22,08:40:33,Breakfast,TP,"[('Cereal', 10), ('Coffee', 8), ('Eggs', 7), ('Pancake', 4)]",521.0,-37.8041173,144.9479909,0,9.879,11.834
456,ORDY01433,2018-10-16,17:27:53,Dinner,TP,"[('Pasta', 10), ('Salmon', 9)]",644.0,-37.8232999,144.9931572,0,9.7,14.043
457,ORDJ01980,2018-01-24,08:40:33,Breakfast,TP,"[('Cereal', 5), ('Coffee', 9)]",172.5,-37.8018545,145.0066618,0,12.199000000000002,14.102
458,ORDY02507,2018-03-03,10:01:41,Breakfast,TP,"[('Cereal', 9), ('Coffee', 9), ('Pancake', 9), ('Eggs', 10)]",694.75,-37.809817,144.9730337,0,9.033,13.323
459,ORDB00636,2018-04-23,11:43:05,Breakfast,TP,"[('Pancake', 6), ('Cereal', 4)]",229.5,-37.8187721,144.9535272,0,8.493,11.58
460,ORDX09970,2018-01-29,08:50:42,Breakfast,BK,"[('Eggs', 2), ('Pancake', 3), ('Cereal', 4)]",200.75,-37.8251392,144.9364483,0,10.637,15.718
461,ORDX06724,2018-12-02,19:09:17,Dinner,BK,"[('Shrimp', 4), ('Pasta', 3), ('Salmon', 5)]",503.5,-37.8022213,144.9899001,0,5.772,14.733
462,ORDZ08573,2018-04-21,11:32:57,Breakfast,NS,"[('Eggs', 7), ('Cereal', 8), ('Pancake', 3), ('Coffee', 3)]",417.25,-37.8176254,144.9694125,0,8.624,23.638
463,ORDK07273,2018-07-16,14:25:21,Lunch,BK,"[('Steak', 5), ('Chicken', 3), ('Salad', 4), ('Fries', 6), ('Burger', 8)]",709.8,-37.8141249,144.9724314,0,6.957000000000001,12.822
464,ORDB09414,2018-10-30,17:58:18,Dinner,TP,"[('Salmon', 8), ('Pasta', 10), ('Fish&Chips', 2), ('Shrimp', 4)]",889.0,-37.8061642,144.9398315,0,10.366,14.517
465,ORDJ02538,2018-09-01,16:06:45,Dinner,TP,"[('Shrimp', 2), ('Pasta', 5), ('Fish&Chips', 7), ('Salmon', 7)]",777.5,-37.8156619,144.9578061,0,8.222000000000001,13.775
466,ORDA05490,2018-11-23,18:49:00,Dinner,BK,"[('Salmon', 9), ('Shrimp', 9), ('Fish&Chips', 5)]",1030.0,-37.8133733,145.0087621,0,3.554,10.058
467,ORDC05328,2018-07-27,14:55:46,Lunch,NS,"[('Fries', 4), ('Chicken', 4), ('Steak', 10), ('Burger', 5), ('Salad', 9)]",935.8,-37.800605,144.9691164,0,6.367999999999999,11.424
468,ORDC02846,2018-03-08,10:11:49,Breakfast,NS,"[('Cereal', 8), ('Eggs', 10), ('Pancake', 5), ('Coffee', 10)]",584.25,-37.8187786,144.9831999,0,9.038,14.33
469,ORDI05108,2018-04-28,11:53:14,Breakfast,NS,"[('Coffee', 7), ('Eggs', 10), ('Pancake', 6), ('Cereal', 9)]",607.0,-37.8234168,144.9416978,0,10.785,17.903
470,ORDI06974,2018-01-02,08:00:00,Breakfast,NS,"[('Cereal', 1), ('Coffee', 1), ('Eggs', 8), ('Pancake', 7)]",374.25,-37.8140496,144.9447405,1,9.276,7.118
471,ORDY04578,2018-04-16,11:22:49,Breakfast,TP,"[('Pancake', 8), ('Cereal', 8), ('Coffee', 1)]",369.5,-37.8114581,144.9646549,0,8.429,11.017
472,ORDY03245,2018-11-04,18:08:27,Dinner,TP,"[('Pasta', 5), ('Salmon', 1), ('Shrimp', 7), ('Fish&Chips', 3)]",661.5,-37.8114136,144.9528593,0,9.011000000000001,22.033
473,ORDA09452,2018-11-06,18:18:35,Dinner,BK,"[('Fish&Chips', 5), ('Salmon', 5), ('Shrimp', 4), ('Pasta', 7)]",788.5,-37.8122652,144.9621012,0,7.67,15.058
474,ORDX04898,2018-03-02,09:51:32,Breakfast,BK,"[('Eggs', 7), ('Coffee', 3), ('Cereal', 8), ('Pancake', 9)]",562.75,-37.8154287,144.9665185,0,7.528,18.844
475,ORDJ02346,2018-09-14,16:27:02,Dinner,TP,"[('Fish&Chips', 10), ('Pasta', 2), ('Salmon', 8)]",733.0,-37.7996025,144.9953789,0,11.593,15.482
476,ORDZ05074,2018-08-31,15:56:37,Lunch,NS,"[('Salad', 1), ('Burger', 1), ('Fries', 5), ('Steak', 1)]",153.2,-37.8011317,144.9628861,0,6.851,12.047
477,ORDK09215,2018-02-20,09:31:16,Breakfast,BK,"[('Coffee', 7), ('Pancake', 10), ('Eggs', 1)]",317.0,-37.8149572,144.9493267,0,9.47,13.712
478,ORDK01354,2018-01-10,08:10:08,Breakfast,BK,"[('Eggs', 7), ('Pancake', 10), ('Cereal', 4)]",480.5,-37.8011933,144.9566989,1,8.287,9.282
479,ORDK03486,2018-05-09,12:13:31,Lunch,BK,"[('Chicken', 3), ('Salad', 6)]",199.2,-37.7994347,144.9889735,0,6.16,12.3
480,ORDJ05634,2018-02-01,09:00:50,Breakfast,TP,"[('Eggs', 8), ('Pancake', 6), ('Coffee', 2), ('Cereal', 7)]",483.5,-37.8201847,144.978879,0,8.785,11.44
481,ORDJ04321,2018-10-15,17:27:53,Dinner,TP,"[('Salmon', 8), ('Pasta', 9)]",575.5,-37.8153243,144.9898768,0,9.981,14.164
482,ORDZ00718,2018-11-13,18:28:43,Dinner,NS,"[('Fish&Chips', 7), ('Shrimp', 7)]",623.0,-37.8179339,144.9676506,0,8.352,14.412
483,ORDX10373,2018-05-06,12:03:22,Lunch,BK,"[('Salad', 3), ('Steak', 10), ('Chicken', 5), ('Fries', 2), ('Burger', 7)]",902.6,-37.8043951,144.9203651,0,11.727,20.21
484,ORDY09115,2018-10-30,17:58:18,Dinner,TP,"[('Salmon', 10), ('Shrimp', 3)]",572.0,-37.8077306,144.9734019,0,9.269,13.388
485,ORDI07582,2018-10-09,17:17:44,Dinner,NS,"[('Pasta', 8), ('Shrimp', 5), ('Fish&Chips', 7)]",735.0,-37.8124452,144.9517995,0,8.651,14.59
486,ORDK03951,2018-03-08,10:11:49,Breakfast,BK,"[('Coffee', 2), ('Cereal', 10)]",225.0,-37.8188973,144.984541,0,6.31,11.089
487,ORDB00455,2018-04-27,11:53:14,Breakfast,TP,"[('Cereal', 8), ('Eggs', 7), ('Coffee', 1), ('Pancake', 9)]",547.75,-37.8108376,144.96556,0,8.547,11.427
488,ORDZ10699,2018-05-05,12:03:22,Lunch,NS,"[('Fries', 1), ('Burger', 10), ('Chicken', 2), ('Salad', 7), ('Steak', 5)]",731.4,-37.8198249,144.9954347,0,9.912,17.734
489,ORDK10185,2018-11-07,18:18:35,Dinner,BK,"[('Shrimp', 7), ('Fish&Chips', 3), ('Pasta', 10), ('Salmon', 10)]",1168.0,-37.8112522,144.9617736,0,7.672000000000001,14.764
490,ORDB06580,2018-04-25,11:43:05,Breakfast,TP,"[('Cereal', 2), ('Coffee', 7), ('Eggs', 4), ('Pancake', 4)]",279.5,-37.8256605,144.9979241,0,10.029,12.442
491,ORDA00420,2018-01-27,08:50:42,Breakfast,BK,"[('Cereal', 7), ('Coffee', 5), ('Eggs', 6), ('Pancake', 3)]",389.25,-37.7992104,144.9594814,0,8.42,7.554
492,ORDI06520,2018-11-16,18:38:52,Dinner,NS,"[('Fish&Chips', 8), ('Shrimp', 7)]",658.0,-37.8065642,144.9474374,0,8.725,14.979
493,ORDX02118,2018-04-30,11:53:14,Breakfast,BK,"[('Pancake', 3), ('Coffee', 7), ('Cereal', 4)]",209.25,-37.806604,144.9518701,0,8.53,13.766
494,ORDX05789,2018-03-07,10:01:41,Breakfast,BK,"[('Coffee', 10), ('Cereal', 8)]",243.0,-37.8233696,144.9847968,0,6.685,5.541
495,ORDZ09703,2018-09-19,16:37:10,Dinner,NS,"[('Salmon', 3), ('Fish&Chips', 2)]",193.0,-37.825471,144.9290812,0,9.651,15.675
496,ORDI07977,2018-09-13,16:27:02,Dinner,NS,"[('Salmon', 7), ('Shrimp', 8), ('Fish&Chips', 8)]",999.0,-37.8152223,144.9448829,0,9.21,15.509
497,ORDC05298,2018-06-27,13:44:47,Lunch,NS,"[('Burger', 8), ('Chicken', 8), ('Fries', 3)]",540.0,-37.8096265,144.9513209,0,8.497,13.659
498,ORDC10309,2018-05-08,12:13:31,Lunch,NS,"[('Fries', 9), ('Chicken', 2)]",172.0,-37.8010769,144.9697417,0,6.166,12.019
499,ORDY01443,2018-08-31,15:56:37,Lunch,TP,"[('Chicken', 5), ('Burger', 3), ('Steak', 5), ('Salad', 5), ('Fries', 2)]",588.0,-37.8053892,144.9565606,0,9.39,12.719
